-- phpMyAdmin SQL Dump
-- version 3.4.10.1
-- http://www.phpmyadmin.net
--
-- Host: localhost:3306
-- Generation Time: Dec 07, 2012 at 05:41 PM
-- Server version: 5.5.21
-- PHP Version: 5.3.15

SET SQL_MODE="NO_AUTO_VALUE_ON_ZERO";
SET time_zone = "+00:00";


/*!40101 SET @OLD_CHARACTER_SET_CLIENT=@@CHARACTER_SET_CLIENT */;
/*!40101 SET @OLD_CHARACTER_SET_RESULTS=@@CHARACTER_SET_RESULTS */;
/*!40101 SET @OLD_COLLATION_CONNECTION=@@COLLATION_CONNECTION */;
/*!40101 SET NAMES utf8 */;

--
-- Database: `njia`
--

-- --------------------------------------------------------

--
-- Table structure for table `access_table`
--

CREATE TABLE IF NOT EXISTS `access_table` (
  `user_id` int(11) NOT NULL,
  `project_id` int(11) NOT NULL,
  `access_creation_date` timestamp NOT NULL DEFAULT CURRENT_TIMESTAMP
) ENGINE=InnoDB DEFAULT CHARSET=utf16 COLLATE=utf16_unicode_ci;

--
-- Dumping data for table `access_table`
--

INSERT INTO `access_table` (`user_id`, `project_id`, `access_creation_date`) VALUES
(1, 1, '2012-07-02 00:40:30'),
(2, 3, '2012-07-05 22:09:20'),
(3, 3, '2012-07-05 22:09:20'),
(1, 3, '2012-07-05 22:10:36'),
(1, 7, '2012-10-13 20:23:49'),
(1, 8, '2012-10-16 14:22:07'),
(1, 11, '2012-10-17 20:19:21'),
(1, 2, '2012-10-27 02:16:01'),
(1, 13, '2012-10-29 18:14:34'),
(1, 14, '2012-11-06 00:44:46'),
(1, 15, '2012-11-06 00:56:18'),
(3, 7, '2012-11-06 19:58:05'),
(2, 7, '2012-11-06 19:58:05'),
(4, 9, '2012-11-07 03:24:35'),
(4, 10, '2012-11-07 03:24:35'),
(4, 12, '2012-11-07 03:24:44'),
(19, 16, '2012-11-12 16:35:45'),
(19, 17, '2012-11-13 04:58:18'),
(25, 18, '2012-11-29 23:27:56'),
(1, 19, '2012-12-04 19:40:03');

-- --------------------------------------------------------

--
-- Table structure for table `log_table`
--

CREATE TABLE IF NOT EXISTS `log_table` (
  `log_id` int(11) NOT NULL AUTO_INCREMENT,
  `user_id` int(11) NOT NULL,
  `task_id` int(11) NOT NULL,
  `work_hours` float NOT NULL DEFAULT '0',
  `log_time` timestamp NOT NULL DEFAULT CURRENT_TIMESTAMP,
  `description` text COLLATE utf16_unicode_ci,
  PRIMARY KEY (`log_id`)
) ENGINE=InnoDB  DEFAULT CHARSET=utf16 COLLATE=utf16_unicode_ci AUTO_INCREMENT=70 ;

--
-- Dumping data for table `log_table`
--

INSERT INTO `log_table` (`log_id`, `user_id`, `task_id`, `work_hours`, `log_time`, `description`) VALUES
(1, 1, 55, 1.5, '2012-10-31 20:04:12', 'Added the log entry form to the task form page; testing the form now.'),
(3, 1, 55, 0.5, '2012-10-31 20:27:13', 'Added a list of work log entries (max 10 most recent) to the end of the task form page.'),
(4, 1, 55, 0, '2012-10-31 20:32:11', 'Made the work hours optional.'),
(5, 1, 55, 0.5, '2012-10-31 21:54:32', 'Styled the work log in the task form page.'),
(6, 4, 57, 4, '2012-11-02 18:16:56', 'Design questions - how to find the shares on the drive before the share has been mounted?  The File System library has been deprecated in 10.8 in favor of NSURL.'),
(7, 4, 57, 4, '2012-11-02 20:31:12', 'Trying to get information about a volume from the AFP URL.  Doesn''t seem to be a way right now.  Probably need to mount it.  Can we mount without a share name?'),
(8, 1, 55, 2, '2012-11-02 22:45:13', 'Some refactoring and restyling of the log page'),
(9, 4, 57, 4, '2012-11-05 16:58:44', 'Found out how to determine the name of the share on the volume.  Adam says the T4 and T8 will never ship with more than one.  However ... odd problems with connection to the T4.  Adam is helping with them.'),
(10, 4, 57, 3.5, '2012-11-05 20:25:44', 'Code is complete, slightly tested on a T4; not tested at all on a T8 or T16.'),
(11, 1, 58, 3, '2012-11-05 21:56:10', 'Created a stub page as a template for php files;  added a function prepare_page_data() to the template which is called after process_query_string() and process_form_data(), but before emitting the page contents.'),
(12, 1, 58, 0.5, '2012-11-05 22:11:57', 'Implemented process_page_data in project.php'),
(13, 1, 58, 0.25, '2012-11-05 22:15:39', 'Implemented process_page_data in projects.php'),
(14, 1, 58, 0.5, '2012-11-05 22:36:56', 'Implemented prepare_page_data in task.php; normalized the way database requests are handled.'),
(15, 1, 58, 0.25, '2012-11-05 22:45:08', 'Implemented prepare_page_data in timebox.php; normalized the way database requests are handled.'),
(16, 1, 58, 0, '2012-11-05 22:49:05', 'Implemented prepare_page_data in todo.php; normalized the way database requests are handled.'),
(18, 1, 48, 0.5, '2012-11-06 01:45:09', 'Done.'),
(19, 1, 48, 0.25, '2012-11-06 01:45:29', 'Done.'),
(20, 1, 44, 0, '2012-11-06 01:46:01', 'Done.'),
(21, 1, 55, 1, '2012-11-06 15:26:52', 'Added widths and margins to the float:right details elements.'),
(22, 4, 57, 3, '2012-11-06 16:24:56', 'Tested on the T8.'),
(23, 1, 65, 1.25, '2012-11-07 03:32:51', 'Done'),
(24, 4, 57, 4, '2012-11-06 22:37:25', 'Rebuilt and packaged ST-Wizard for release and distribution.  This is version 1.01 (1277).'),
(25, 1, 66, 1.5, '2012-11-07 16:29:47', 'Done.'),
(26, 4, 68, 6, '2012-11-07 20:48:09', 'Tracking down the root cause - see comment in Bugzilla'),
(27, 1, 82, 1.5, '2012-11-08 03:02:29', 'created common CSS classes in styles.css for headers for Project, Task, Timebox, and User types, and for lists of objects'),
(28, 1, 82, 0.5, '2012-11-08 14:16:45', 'Decided I didn''t like the background gradient on the header in the project.php, task.php, timebox.php, and user.php, so I took them back out again'),
(29, 4, 80, 5, '2012-11-08 20:11:44', 'Rebuilt the app install package, but it failed when I tested it.  Found out some of the files in the packager were wrong, so the package wasn''t build correctly.  Fixed it, check in the changes to the packager, and delivered to Adam and Chris.'),
(30, 1, 84, 2.5, '2012-11-08 22:59:35', 'Copied the files up, created database.  Need to figure out how to tell Apache to let Njia use mysql.'),
(31, 1, 90, 1.75, '2012-11-13 00:06:18', 'Implemented the page as users.php; moved ''create account'' form from user.php to users.php; added ''close this account'' and ''re-open this account'' to the user.php.'),
(32, 19, 91, 0.5, '2012-11-13 05:00:10', 'Divided the Basic Solo Principles into two slides'),
(33, 1, 0, 0, '2012-11-16 03:35:45', ''),
(34, 1, 0, 0, '2012-11-16 03:35:45', ''),
(35, 1, 0, 0, '2012-11-16 03:35:45', ''),
(36, 1, 0, 0, '2012-11-16 03:35:45', ''),
(37, 1, 0, 0, '2012-11-16 03:35:45', ''),
(38, 1, 0, 0, '2012-11-16 03:35:45', ''),
(39, 1, 0, 0, '2012-11-16 03:35:45', ''),
(40, 1, 0, 0, '2012-11-16 03:35:45', ''),
(41, 1, 0, 0, '2012-11-16 03:35:45', ''),
(42, 1, 0, 0, '2012-11-16 03:35:45', ''),
(43, 1, 0, 0, '2012-11-16 03:35:45', ''),
(44, 1, 0, 0, '2012-11-16 03:35:45', ''),
(45, 1, 0, 0, '2012-11-16 03:35:45', ''),
(46, 1, 0, 0, '2012-11-16 03:35:45', ''),
(47, 1, 0, 0, '2012-11-16 03:35:45', ''),
(48, 1, 0, 0, '2012-11-16 03:35:45', ''),
(49, 1, 0, 0, '2012-11-16 03:35:45', ''),
(50, 1, 0, 0, '2012-11-16 03:35:45', ''),
(51, 1, 0, 0, '2012-11-16 03:35:45', ''),
(52, 1, 0, 0, '2012-11-16 03:35:45', ''),
(53, 1, 0, 0, '2012-11-16 03:35:45', ''),
(54, 1, 58, 1, '2012-11-19 23:17:06', 'Moved DB queries from the login, todo, and log pages into include files.'),
(55, 4, 92, 12, '2012-11-19 22:43:21', 'Spent time looking for the root cause.'),
(56, 4, 68, 8, '2012-11-16 21:45:39', 'Had a fix, then backed it back out again because it broke other things.'),
(57, 4, 93, 8, '2012-11-19 19:15:38', 'Tried writing to a temp file and using cp to move it over; fails on authorization issues even using AuthorizationExecuteWithPrivileges'),
(58, 4, 92, 2, '2012-11-20 21:07:50', 'Commented out code to isolate the problem to updating the progress indicator and status message in [STC_RunTest updateDisplays].'),
(59, 4, 93, 3, '2012-11-21 16:32:07', 'Update the sysctl task to use authopen -w.  When the file doesn''t exist, it uses authopen -c -w.'),
(60, 1, 58, 0.5, '2012-11-21 17:53:03', 'Moved DB queries into separate form for the projects page.'),
(61, 4, 92, 2, '2012-11-21 20:25:13', 'Tried limiting the updates to the status message and progress bar to only those times when the value changes;  no effect.'),
(62, 1, 58, 3.5, '2012-11-26 04:08:15', 'Created a standardized way to display task lists for all pages.'),
(63, 4, 96, 0.5, '2012-11-27 14:06:23', 'No work, but discussion with Chris and Steve M.  We''ll change the range from 0-9 to 150-169.  Note that we''re searching 20 addresses now instead of 10.'),
(64, 1, 98, 3.5, '2012-11-29 02:47:00', 'Created the db_* functions which wrap and replace all calls to the mysqli_* functions.  Still needs testing.'),
(65, 25, 107, 1.5, '2012-11-29 23:39:43', 'Lorem ipsum dolor sit amet, consectetuer adipiscing elit, sed diam nonummy nibh euismod tincidunt ut laoreet dolore magna aliquam erat volutpat.'),
(66, 1, 106, 2.5, '2012-11-30 20:39:38', 'Done'),
(67, 1, 110, 0.5, '2012-11-30 20:53:31', 'Typo.  Fixed'),
(68, 1, 85, 0, '2012-12-04 20:11:17', 'This has been moved to Njia-&beta;.'),
(69, 1, 86, 0, '2012-12-04 20:12:42', 'This has been moved to Njia-&beta;.');

-- --------------------------------------------------------

--
-- Table structure for table `project_table`
--

CREATE TABLE IF NOT EXISTS `project_table` (
  `project_id` int(11) NOT NULL AUTO_INCREMENT,
  `project_name` varchar(255) COLLATE utf8_unicode_ci NOT NULL,
  `project_discussion` text COLLATE utf8_unicode_ci,
  `project_status` enum('open','closed') COLLATE utf8_unicode_ci NOT NULL DEFAULT 'open',
  `project_owner` int(11) NOT NULL,
  `project_created_date` timestamp NOT NULL DEFAULT CURRENT_TIMESTAMP,
  PRIMARY KEY (`project_id`)
) ENGINE=InnoDB  DEFAULT CHARSET=utf8 COLLATE=utf8_unicode_ci AUTO_INCREMENT=20 ;

--
-- Dumping data for table `project_table`
--

INSERT INTO `project_table` (`project_id`, `project_name`, `project_discussion`, `project_status`, `project_owner`, `project_created_date`) VALUES
(1, 'Fex/Njia', 'Putting some commentary in here now.', 'closed', 1, '2012-07-02 16:29:27'),
(2, 'Some admin-only project', NULL, 'closed', 1, '2012-07-03 22:06:32'),
(3, 'Home projects', NULL, 'closed', 2, '2012-07-05 22:08:51'),
(7, 'Christmas shopping 2012', NULL, 'open', 3, '2012-10-13 20:23:49'),
(8, 'Njia 2', '', 'open', 1, '2012-10-16 14:22:07'),
(9, 'FCoE Manager', '', 'open', 4, '2012-10-16 17:04:18'),
(10, 'ST-Streams Counter', NULL, 'open', 4, '2012-10-16 19:57:20'),
(11, 'Test project', NULL, 'open', 1, '2012-10-17 20:19:21'),
(12, 'ST-Wizard', NULL, 'open', 4, '2012-10-24 18:37:33'),
(13, 'Some new project', NULL, 'closed', 1, '2012-10-29 18:14:34'),
(14, 'A new test project', NULL, 'closed', 1, '2012-11-06 00:44:46'),
(15, 'Another test project', NULL, 'closed', 1, '2012-11-06 00:56:18'),
(16, 'TC DrupalCamp 2013', NULL, 'open', 19, '2012-11-12 16:35:45'),
(17, 'Solo Agile', NULL, 'open', 19, '2012-11-13 04:58:18'),
(18, 'Temp project', 'Lorem ipsum dolor sit amet, consectetur adipisicing elit, sed do eiusmod tempor incididunt ut labore et dolore magna aliqua. Ut enim ad minim veniam, quis nostrud exercitation ullamco laboris nisi ut aliquip ex ea commodo consequat.', 'open', 25, '2012-11-29 23:27:56'),
(19, 'Njia-β', 'Prepare Njia for public deployment', 'open', 1, '2012-12-04 19:40:03');

-- --------------------------------------------------------

--
-- Table structure for table `session_table`
--

CREATE TABLE IF NOT EXISTS `session_table` (
  `session_id` varchar(32) COLLATE utf8_unicode_ci NOT NULL,
  `user_id` int(11) NOT NULL,
  `session_creation_date` timestamp NOT NULL DEFAULT CURRENT_TIMESTAMP,
  `session_expiration_date` timestamp NOT NULL DEFAULT '0000-00-00 00:00:00',
  PRIMARY KEY (`session_id`)
) ENGINE=InnoDB DEFAULT CHARSET=utf8 COLLATE=utf8_unicode_ci;

--
-- Dumping data for table `session_table`
--

INSERT INTO `session_table` (`session_id`, `user_id`, `session_creation_date`, `session_expiration_date`) VALUES
('018879d6e2cbb64a79879341a3a48504', 1, '2012-08-02 22:27:00', '2012-10-17 22:06:46'),
('018879d6e2cbb64a79879341a3a48505', 1, '2012-10-18 20:05:29', '2015-05-29 06:00:00'),
('018879d6e2cbb64a79879341a3a48506', 1, '2012-10-18 20:06:50', '2012-10-18 20:06:50'),
('018879d6e2cbb64a79879341a3a48507', 1, '2012-10-18 20:11:33', '2012-10-18 20:11:33'),
('018879d6e2cbb64a79879341a3a48508', 1, '2012-10-18 20:12:56', '2012-10-18 21:12:56'),
('01a1916a7852e2fffc3d116cf9eae3d6', 1, '2012-11-26 03:30:04', '2012-11-26 05:08:35'),
('0252d3a2a058e778e82d91ea9fb374e5', 4, '2012-11-16 15:49:34', '2012-11-16 17:04:16'),
('028314b5e404869f9284c573fb9f38ed', 1, '2012-07-30 01:31:58', '2012-10-17 22:06:46'),
('03081c0c1c973f9e947fa19a832aa2d8', 1, '2012-09-11 16:25:29', '2012-10-17 22:06:46'),
('0398cedaf8d57c06bc91958b79b27592', 4, '2012-10-19 17:24:27', '2012-10-19 17:31:57'),
('041f4f82ca20c1a9d8ee1a794a983d6f', 1, '2012-09-22 19:00:51', '2012-10-17 22:06:46'),
('0487b75cc029d2a783677bdb608bba30', 1, '2012-07-30 13:57:43', '2012-10-17 22:06:46'),
('056bdd753927b46fba72e4b020517556', 1, '2012-09-11 21:29:00', '2012-10-17 22:06:46'),
('0570ec92e64fe6cfc28c7ff6a9671734', 1, '2012-09-04 21:52:46', '2012-10-17 22:06:46'),
('070b85bc62ab82232a3d0b361578ec5c', 1, '2012-11-02 15:35:29', '2012-11-02 15:38:57'),
('0742b4958c05b9dd54b11c03121a4ccc', 1, '2012-10-19 01:44:49', '2012-10-19 02:44:52'),
('07a6ce2fe354d849b4f47d9e1e8968a8', 1, '2012-11-08 22:58:14', '2012-11-09 00:37:36'),
('07b5b90af79c2e092c5c2a58cf52c2a2', 4, '2012-11-07 16:34:32', '2012-11-07 17:56:59'),
('07f4c324df45cce2addcd7d266c4846b', 1, '2012-11-30 22:38:35', '2012-11-30 23:26:21'),
('07fcc7cfabc9a97c319a5a324c912675', 1, '2012-09-11 21:33:06', '2012-10-17 22:06:46'),
('07fdf71a56a97afad8397d1ed3dfc0d8', 4, '2012-11-07 18:40:06', '2012-11-07 19:52:34'),
('089d2ac60b2924529f8a8e1fa9947a8b', 1, '2012-08-28 21:41:05', '2012-10-17 22:06:46'),
('09168dc6e92570bb7d049de3c7a53953', 1, '2012-11-02 19:56:15', '2012-11-02 20:57:20'),
('0a0b18d6b62260ddc786ab9a64e2f839', 1, '2012-09-14 21:25:08', '2012-10-17 22:06:46'),
('0a3e3bf229bfb06bb882382fda9b09ec', 1, '2012-10-15 16:58:38', '2012-10-17 22:06:46'),
('0a463a8f68a5c0ed86a3744edb38932f', 1, '2012-08-02 22:33:33', '2012-10-17 22:06:46'),
('0a80bab998de6a8a4cf7b85d92597cb7', 1, '2012-07-30 14:00:37', '2012-10-17 22:06:46'),
('0a9cfdc019d8fe9c3cd75a5907337768', 1, '2012-10-11 00:21:52', '2012-10-17 22:06:46'),
('0b0d13264210e86f303e095f117b61cd', 1, '2012-09-14 21:20:41', '2012-10-17 22:06:46'),
('0b850bda282e3347e93cdba98283ef9b', 1, '2012-09-10 15:18:30', '2012-10-17 22:06:46'),
('0bc50d5c2c83eee4c932714619d2527a', 4, '2012-11-17 04:11:05', '2012-11-17 04:11:08'),
('0c15c9beb62a2a5ebbc6ef2b8eb4311e', 1, '2012-09-11 16:28:36', '2012-10-17 22:06:46'),
('0cafee628256ec2c953b33961005e3c1', 1, '2012-10-16 22:05:19', '2012-10-17 22:06:46'),
('0cc9952a13c73613b3c529c6607c656f', 1, '2012-10-17 02:52:35', '2012-10-17 22:06:46'),
('0cea91cff3421d1144e08032474259ba', 1, '2012-09-13 20:22:44', '2012-10-17 22:06:46'),
('0d7a2c8f2bf65815de6a7594968c1861', 4, '2012-12-03 15:22:35', '2012-12-03 15:22:49'),
('0dd5c4357abbdc03705306e52188c8f9', 1, '2012-11-09 14:35:29', '2012-11-09 14:36:55'),
('0e6df89220f5f939843495908204d10b', 4, '2012-11-12 18:35:58', '2012-11-12 18:38:09'),
('0ea1007c78322b836326a6c4e0bc2ab8', 1, '2012-09-14 21:18:53', '2012-10-17 22:06:46'),
('0ea83b69a0870291a6fff7fc2b498162', 1, '2012-10-22 15:17:18', '2012-10-22 16:17:18'),
('0eb42c8f2d7aaa807202f6612b88dbf7', 1, '2012-09-10 15:14:52', '2012-10-17 22:06:46'),
('0ee2ff6188e9dc44bc946ea7c89b8d3e', 1, '2012-09-14 22:12:47', '2012-10-17 22:06:46'),
('0eee11ea02bcacfaa0574a714fe84994', 1, '2012-09-10 15:09:31', '2012-10-17 22:06:46'),
('0f50e8333e04127a8e5dbe6ccac61bd0', 1, '2012-09-10 15:19:53', '2012-10-17 22:06:46'),
('0f659621ef148aeedf2ad9ea09ab7886', 1, '2012-10-23 16:18:05', '2012-10-23 17:32:23'),
('0f71409c14402c73a0235340605664e7', 1, '2012-09-10 20:25:52', '2012-10-17 22:06:46'),
('0fdcd21719b1499a24e7f684368aed0c', 1, '2012-08-29 21:39:10', '2012-10-17 22:06:46'),
('0fec2260c0e590eb1834ee14bfb627cd', 1, '2012-09-11 16:27:09', '2012-10-17 22:06:46'),
('1002c845b0d06912413fdd612a109e6f', 1, '2012-11-02 15:39:08', '2012-11-02 16:41:46'),
('10e2f8f19c50f9f8c1e820b7b85f1500', 1, '2012-11-02 18:16:19', '2012-11-02 20:13:58'),
('10e92b8c35c0427f52bd9868162f058c', 4, '2012-11-20 14:31:37', '2012-11-20 16:28:54'),
('10fe063962c5e798747bf0a40f23a995', 1, '2012-09-14 22:08:08', '2012-10-17 22:06:46'),
('116aa2366478fdeac9ce532e3a201a8c', 1, '2012-10-18 18:00:11', '2012-10-18 18:00:11'),
('11b615ffce4153cdfe21df3210e47bd5', 1, '2012-10-24 19:50:42', '2012-10-24 21:24:53'),
('1214833724abffabdfba64f235fbc8cc', 1, '2012-07-30 13:54:29', '2012-10-17 22:06:46'),
('121ab7c2f754181516fe17e27679d84f', 4, '2012-11-30 15:58:14', '2012-11-30 17:00:48'),
('1264ba82b2fe0766b255554a56124a66', 1, '2012-09-14 21:21:31', '2012-10-17 22:06:46'),
('12e051b1736a180cdccb2b1e51fe352f', 1, '2012-10-18 18:04:12', '2013-04-12 06:00:00'),
('130a8b59616be38b92c5523294f0133d', 1, '2012-07-22 21:39:10', '2012-10-17 22:06:46'),
('13e60a8f9dc091be1da130b144809847', 1, '2012-07-30 14:29:31', '2012-10-17 22:06:46'),
('13ee5d570a5bcaf68dd3d5a0e23267cc', 1, '2012-09-20 01:03:02', '2012-10-17 22:06:46'),
('13fcf6d5e2811382ffe2e2f89c069171', 1, '2012-07-31 21:25:10', '2012-10-17 22:06:46'),
('14ed80e6873aca740d2d97abcfda7a3d', 11, '2012-10-19 17:32:02', '2012-10-19 17:51:42'),
('14f6a7f085783fb860bc236ca1fe0d03', 1, '2012-10-24 18:02:20', '2012-10-24 20:49:26'),
('1554a475c523fc20719ee7a70431f4d6', 1, '2012-10-19 15:48:45', '2012-10-19 16:48:45'),
('162169c115308b5797a9ac87f715b38e', 1, '2012-09-14 21:16:11', '2012-10-17 22:06:46'),
('1674555795140f0aeb38678a4714c0d8', 1, '2012-09-13 17:43:23', '2012-10-17 22:06:46'),
('16f090dd77508bd1d14e2e7ff0732f81', 1, '2012-09-17 21:38:47', '2012-10-17 22:06:46'),
('17cc0069cc96c77829456caa128744f0', 1, '2012-07-31 21:23:59', '2012-10-17 22:06:46'),
('1825923856ff7d4823566635d81357e1', 1, '2012-11-21 17:52:43', '2012-11-21 19:48:03'),
('196f94b5b06eb9b89e9b1e59ef35fdb2', 4, '2012-11-20 21:05:57', '2012-11-20 22:07:50'),
('198b9c9ad23744dc81e1302319b74a85', 1, '2012-10-12 20:20:02', '2012-10-17 22:06:46'),
('1991c5af4d446082e0e73990f61fc654', 1, '2012-11-24 01:28:56', '2012-11-24 03:22:49'),
('19ac70ea6609494de7dd5ef74f6488bc', 1, '2012-07-27 21:50:28', '2012-10-17 22:06:46'),
('19b8a9bde5ae9176c09785c91d89082b', 1, '2012-07-30 14:20:18', '2012-10-17 22:06:46'),
('19fa1ac39ddde9dcb2ee6cf6e4b51d00', 1, '2012-09-17 21:15:42', '2012-10-17 22:06:46'),
('1ae87d4c22071fd53a45dab7a3fab74c', 1, '2012-07-30 01:39:12', '2012-10-17 22:06:46'),
('1b834c2d9d2a92d73b384ff79502ca2c', 4, '2012-10-19 15:26:50', '2012-10-19 15:27:14'),
('1ba3a28531498e7abe363721c12ebd99', 1, '2012-10-13 15:46:59', '2012-10-17 22:06:46'),
('1c9ea46a47c8ebc76ad22af292d34d2c', 1, '2012-09-08 05:39:06', '2012-10-17 22:06:46'),
('1cb3b04a7c5a2190c1b10b312ec9c164', 1, '2012-11-06 01:02:32', '2012-11-06 01:10:19'),
('1cc1bd2059efcc5b38893cd5cb89f691', 1, '2012-11-10 20:49:04', '2012-11-10 22:04:27'),
('1cdc3f81faa2ee269aee15c1d87b7b27', 1, '2012-09-13 21:17:29', '2012-10-17 22:06:46'),
('1d7f2d6f3595d9149be891a3902b5bde', 1, '2012-10-30 19:34:04', '2012-10-30 20:34:31'),
('1dc9184bdec8d73a592e5a26b3cf06b7', 1, '2012-09-10 15:11:36', '2012-10-17 22:06:46'),
('1deafc84497874975e89d36de2d96f33', 1, '2012-11-19 22:27:45', '2012-11-19 22:31:02'),
('1e24e17487a81647a3b4cd4708d8011b', 1, '2012-11-01 20:11:33', '2012-11-01 21:47:11'),
('1e283dbadced3520e36b7f019be28047', 1, '2012-12-04 16:15:02', '2012-12-04 17:58:33'),
('1e87d10225a95e9ec6519777e18f90c1', 1, '2012-09-17 22:10:59', '2012-10-17 22:06:46'),
('1f60e0c72a508b865436b56373787f9b', 1, '2012-09-05 22:18:48', '2012-10-17 22:06:46'),
('1fab70ebcdc693b7bb7b97bf2fffe9f7', 25, '2012-11-30 02:36:14', '2012-11-30 03:42:12'),
('1fc70ad3b6ae655903a64f2fba01ab61', 1, '2012-09-05 22:07:51', '2012-10-17 22:06:46'),
('20657e825efd5a38cacfc63560a11abb', 1, '2012-10-18 18:02:04', '2013-02-04 07:00:00'),
('2071e10edae7c392e0a857e1afd005ff', 1, '2012-11-08 02:12:55', '2012-11-08 04:15:01'),
('20838b9b497c2077f6b341b300874b2f', 1, '2012-09-13 21:27:15', '2012-10-17 22:06:46'),
('21b83d1fe81dedcfc999939618784d57', 1, '2012-09-10 20:12:16', '2012-10-17 22:06:46'),
('21bd7ba2db9621b16152332dc2a63a32', 1, '2012-09-10 15:35:22', '2012-10-17 22:06:46'),
('2214dabe4bdfdc7dee5c66c74b5c9c82', 1, '2012-10-13 21:29:16', '2012-10-17 22:06:46'),
('2291e58f1a1b0fda70d7467dbbd0c79a', 1, '2012-09-11 16:15:38', '2012-10-17 22:06:46'),
('23ccc9419edf183146523a7fc2dc5261', 1, '2012-07-22 16:46:51', '2012-10-17 22:06:46'),
('2440f20728ddff7315e10b3ebbc35018', 4, '2012-11-17 04:18:08', '2012-11-17 04:18:20'),
('24735cb731fa0023986f079ee83e34ea', 1, '2012-11-15 18:25:41', '2012-11-15 18:30:33'),
('24960838d890c4d5ac166024325e42d0', 1, '2012-11-06 14:38:02', '2012-11-06 16:27:43'),
('24bd0705254460ab46785a8d0da7a879', 1, '2012-08-02 22:23:48', '2012-10-17 22:06:46'),
('24d177ec705e5aab43a6273c81031c48', 4, '2012-11-16 23:02:55', '2012-11-17 00:02:55'),
('255b74a6cab41cb2305402621f11293e', 1, '2012-11-27 20:52:04', '2012-11-27 21:00:13'),
('25bb2098d6a096e46ee66b8c5966038a', 1, '2012-07-30 01:50:18', '2012-10-17 22:06:46'),
('25c41d33da67692f22d32842cd31c11d', 1, '2012-09-18 22:32:46', '2012-10-17 22:06:46'),
('2631b8e756242b175d1ea54f0dfbb2b2', 1, '2012-08-29 21:53:40', '2012-10-17 22:06:46'),
('2735070e2aa45a0d06e3bc3b0d2feee8', 1, '2012-09-11 16:17:42', '2012-10-17 22:06:46'),
('277ff734d67470a051aa80f84f22c4e3', 1, '2012-07-27 20:46:36', '2012-10-17 22:06:46'),
('27b66ea53362717ae25f3b0543112993', 1, '2012-09-10 20:24:57', '2012-10-17 22:06:46'),
('27b8b56de34494aac9cdc88df45d4ac1', 1, '2012-11-06 22:38:33', '2012-11-06 22:45:00'),
('290cd22b0a841b3e4c8f68d760236cd7', 1, '2012-09-13 21:12:25', '2012-10-17 22:06:46'),
('2962c6522b1ac470020e614d5c14539e', 1, '2012-09-10 14:50:19', '2012-10-17 22:06:46'),
('29c16501a5537818395c47212685b96c', 1, '2012-09-14 22:14:01', '2012-10-17 22:06:46'),
('2a2e4942fdd23ac5e8f518d54c65ed2d', 1, '2012-09-20 14:58:36', '2012-10-17 22:06:46'),
('2a4e8f45c48983f594d8198887f0d9f7', 1, '2012-07-17 14:39:04', '2012-10-17 22:06:46'),
('2a5c67c6e61310f7ecc61ddbda4fbae1', 1, '2012-08-02 22:32:59', '2012-10-17 22:06:46'),
('2a67f53de42b869738f878989669466f', 1, '2012-09-08 05:36:16', '2012-10-17 22:06:46'),
('2ae8a0f2013328dfa0493475e3273c5b', 1, '2012-10-16 16:56:44', '2012-10-17 22:06:46'),
('2cee04626313db33503ebd9098d896b4', 1, '2012-09-14 21:23:53', '2012-10-17 22:06:46'),
('2d1c9b79865fd349aa848c7b764298c1', 1, '2012-09-11 21:46:41', '2012-10-17 22:06:46'),
('2d1ea34538f4a99c2014535670e45921', 1, '2012-09-10 20:32:48', '2012-10-17 22:06:46'),
('2e0660731fb4b3b51f90c58f97c76083', 1, '2012-09-27 19:48:26', '2012-10-17 22:06:46'),
('2e06f95331e90eda897c28a6541bf99e', 1, '2012-07-31 21:36:53', '2012-10-17 22:06:46'),
('2e3fb7e6583df7b9ee59b21a3f612a7c', 1, '2012-09-11 16:21:29', '2012-10-17 22:06:46'),
('2e41dbb1329ccf3020c58b68382dd45b', 1, '2012-08-02 22:23:11', '2012-10-17 22:06:46'),
('2e48eb4412006eb20e9fe6937c23f7ca', 1, '2012-10-11 22:33:24', '2012-10-17 22:06:46'),
('2f28b60bedaf5d30c584a73641b3a930', 1, '2012-11-06 23:07:39', '2012-11-06 23:07:42'),
('2f42b2bb326af76d1e0c2bc0f5088883', 18, '2012-11-06 23:37:23', '2012-11-06 23:37:25'),
('2f56d09cdf04d001fa9c0335ca4772d2', 1, '2012-07-24 00:01:35', '2012-10-17 22:06:46'),
('2f70683a178f653af3910d2b60d595d7', 1, '2012-09-07 15:45:16', '2012-10-17 22:06:46'),
('2f95b6a12a6bbb3a27770356c2a48477', 1, '2012-09-13 20:25:36', '2012-10-17 22:06:46'),
('2fb18bdca0e23c9c1dab87fbbc3e9cec', 1, '2012-07-23 23:18:22', '2012-10-17 22:06:46'),
('314a4e1209497a2543ef5e0aa2863b53', 1, '2012-12-07 23:31:00', '2012-12-08 00:31:00'),
('314bd94e012ae5c5ad3b91e646689d6e', 25, '2012-11-29 23:10:16', '2012-11-29 23:11:01'),
('31534e4905f0eaa7618da535ed217699', 1, '2012-07-30 14:02:54', '2012-10-17 22:06:46'),
('31d59ca4395d15243e8885f35d29111b', 1, '2012-07-23 23:43:48', '2012-10-17 22:06:46'),
('3201ff1a68efa3876d88b429f5f87371', 4, '2012-11-15 19:11:27', '2012-11-15 20:11:43'),
('3218e707d9f7cf199c61085f32b76435', 1, '2012-10-19 15:43:48', '2012-10-19 15:43:57'),
('333eed32c74526ecdcd52b8386e460cc', 1, '2012-11-02 22:02:06', '2012-11-02 23:45:19'),
('35c128aeffe5aafa85ec65a599d70c3d', 1, '2012-09-10 20:28:57', '2012-10-17 22:06:46'),
('35ce84bbe29aa29313f3077799af2bb9', 21, '2012-11-29 22:51:23', '2012-11-29 22:55:35'),
('35eda136041201d5fd875d3016fc4e9c', 1, '2012-09-21 21:07:48', '2012-10-17 22:06:46'),
('362c69fc711fa9684c83a6c54734c35a', 1, '2012-08-02 02:10:17', '2012-10-17 22:06:46'),
('3638287a88e6df954100e0e75b8e03c4', 1, '2012-09-10 15:12:05', '2012-10-17 22:06:46'),
('3653cdb56b4fb368afb984f89aae691e', 25, '2012-11-30 03:44:08', '2012-11-30 04:48:50'),
('36ba35cfea17cd2d28ffe6120dba36fe', 1, '2012-10-23 16:32:54', '2012-10-23 18:16:02'),
('36bd87bad1024ebb7535cf59b84ebbb3', 1, '2012-09-20 15:17:41', '2012-10-17 22:06:46'),
('36d3d109e68b1b363652eb11aeec6839', 1, '2012-09-10 20:26:26', '2012-10-17 22:06:46'),
('381a64bb391ccf2e24edd8ace31e9b2c', 1, '2012-08-10 18:13:19', '2012-10-17 22:06:46'),
('38cca4cc91015b240f9d03bf4f73b14a', 1, '2012-09-14 21:51:16', '2012-10-17 22:06:46'),
('390798704b74d8a0f47ca75452fe62f8', 4, '2012-11-20 19:39:04', '2012-11-20 20:39:04'),
('39319d0423032b2a650c5028f3d7af15', 1, '2012-10-17 19:41:01', '2012-10-17 22:06:46'),
('396dd18b4fca8985e1b126468809fe2e', 1, '2012-09-11 16:02:04', '2012-10-17 22:06:46'),
('399a39fddde619f06897902670c3be6b', 1, '2012-09-21 21:06:19', '2012-10-17 22:06:46'),
('39acb80b32f5e5e174b15479f5e72eca', 1, '2012-08-29 21:50:45', '2012-10-17 22:06:46'),
('3a4ef14acc366b6c409b2e38f4e35a2d', 1, '2012-11-29 01:55:45', '2012-11-29 03:01:34'),
('3a6430f78f6888b3a7fe6de054674be8', 1, '2012-09-11 21:48:44', '2012-10-17 22:06:46'),
('3b204ea6bdaedea409a2407b67e1b426', 1, '2012-09-21 21:34:59', '2012-10-17 22:06:46'),
('3b392c5d0fbd35226317b56f92273bcf', 1, '2012-11-24 00:19:35', '2012-11-24 01:19:35'),
('3bb1032c8004adcaf1766d0d03492d10', 4, '2012-11-07 16:33:21', '2012-11-07 16:34:00'),
('3cbb521228252154d2365a37fe5a908f', 1, '2012-10-16 19:52:48', '2012-10-17 22:06:46'),
('3d07faa48b48356b8c9e46a9e74c29d5', 1, '2012-09-11 21:44:12', '2012-10-17 22:06:46'),
('3d69152ef3b26148c987fed94861b7ba', 4, '2012-11-28 16:51:56', '2012-11-28 18:44:57'),
('3e9992b5fd671a4cbd92ec9c831edcb2', 1, '2012-10-24 21:41:55', '2012-10-24 23:32:56'),
('3ebe764cbfd9e3ac33c155ba8603a120', 4, '2012-11-17 04:11:16', '2012-11-17 04:11:27'),
('3f31de6f4f5453a798320e8b903fb8bc', 1, '2012-08-04 00:31:08', '2012-10-17 22:06:46'),
('3fd8d6330dca0645bb20a6b567c2ac77', 1, '2012-09-10 15:13:34', '2012-10-17 22:06:46'),
('40049f52e62c632294e4e9223eb25286', 1, '2012-11-07 23:06:37', '2012-11-08 00:58:41'),
('404a99cd10e3013e2f34939b4f58235b', 1, '2012-10-31 19:35:31', '2012-10-31 21:32:11'),
('405cc7211a75c748b8947f1bf1eed2cd', 1, '2012-10-19 01:14:33', '2012-10-19 02:14:33'),
('4118e2e9a07a55c9b230cc74b325bf6b', 1, '2012-09-19 22:09:03', '2012-10-17 22:06:46'),
('412795357e68b51ca8d17226920f40a7', 1, '2012-11-27 20:21:52', '2012-11-27 21:24:25'),
('4154d06375a8bcc4aae5ebc45e59fa6a', 11, '2012-10-19 17:51:50', '2012-10-19 18:31:58'),
('424a4be2a2c9fe8b8da7726c522646f9', 1, '2012-11-15 18:09:19', '2012-11-15 18:25:23'),
('42c7b1e9c4b358e18efa82d3db2dd415', 1, '2012-09-11 16:27:38', '2012-10-17 22:06:46'),
('430c0aeefa053dccb38a8a8227fe1dcf', 1, '2012-11-29 02:23:56', '2012-11-29 02:58:09'),
('4318444c5d26805b7fb385bc5015b5fa', 1, '2012-11-24 02:36:55', '2012-11-24 03:10:28'),
('433c7bc28afd5d880f566919e78c6b33', 1, '2012-11-21 22:15:48', '2012-11-21 23:59:00'),
('43ac520c7a1f13b31c30d35c598e7d49', 1, '2012-09-19 21:45:38', '2012-10-17 22:06:46'),
('43c0ec105b58e46fee233b998ed335e5', 19, '2012-12-06 21:36:16', '2012-12-06 21:36:23'),
('43d82724d194b27475ceff0889552f13', 1, '2012-09-14 21:23:21', '2012-10-17 22:06:46'),
('444a4689cf35d04e22aa9c349e1e1243', 1, '2012-10-25 18:16:34', '2012-10-25 18:58:31'),
('44c40396c9e096a0a373fc6f9beb8852', 1, '2012-09-07 15:43:42', '2012-10-17 22:06:46'),
('44ef2106ae85b391da0816b71b56911e', 4, '2012-11-13 13:18:11', '2012-11-13 14:19:43'),
('44ef5c006beebc4a6ddbf464b70d5e7b', 1, '2012-07-30 14:13:37', '2012-10-17 22:06:46'),
('45f3781ced837dbfc43b98bda8007a50', 1, '2012-09-21 21:37:41', '2012-10-17 22:06:46'),
('4670d960d1dc40646d13965c84f5d065', 1, '2012-07-23 23:22:28', '2012-10-17 22:06:46'),
('46ad8bf1f5b092a457d1b6f457b8e0ca', 1, '2012-11-06 16:24:16', '2012-11-06 17:25:12'),
('47134542c632cb496f4d1185d923e8df', 1, '2012-09-08 03:00:35', '2012-10-17 22:06:46'),
('471384cb103079165be7350776a5d766', 1, '2012-11-21 20:27:15', '2012-11-21 21:27:16'),
('474b2d8165bcb180c6f4796bbdd081a2', 1, '2012-11-13 00:04:11', '2012-11-13 00:12:38'),
('47e55554c3dfc60e16c7a58ba23b8cd8', 1, '2012-07-25 03:26:20', '2012-10-17 22:06:46'),
('47fead42d85e96f84f82e24b777d7bb4', 1, '2012-07-27 22:25:49', '2012-10-17 22:06:46'),
('4835e26652b297302374925f42190638', 1, '2012-11-06 19:19:38', '2012-11-06 20:19:27'),
('49228cd950a4183f652c6b2232491607', 4, '2012-10-19 17:20:13', '2012-10-19 17:22:48'),
('494f0a7d97f0f1869f2e93776c2aa40c', 1, '2012-09-20 01:08:06', '2012-10-17 22:06:46'),
('4b7a0d1e823655ec1f9661aa11a4e1a6', 1, '2012-10-19 12:58:00', '2012-10-19 14:32:17'),
('4c42401ace8e3e373a169467bb348a76', 1, '2012-10-22 21:53:22', '2012-10-22 23:17:02'),
('4c8173251ba90da5a89581c9b15bcf7f', 1, '2012-09-17 22:10:08', '2012-10-17 22:06:46'),
('4c85eca0a9196851d9d4e19626866a5c', 1, '2012-07-30 14:11:06', '2012-10-17 22:06:46'),
('4cc8155b3b0242bba4237080623df858', 1, '2012-10-18 18:02:43', '2012-10-18 18:02:48'),
('4de3efc6d8a4015abb350778f4528cfd', 1, '2012-09-10 15:21:42', '2012-10-17 22:06:46'),
('4ebcecb84c723de3ba38481b0d3e8ba1', 25, '2012-11-29 23:14:55', '2012-11-30 00:40:17'),
('4eecb42b4c231cbd6425d9b96a74f91a', 1, '2012-09-22 19:06:44', '2012-10-17 22:06:46'),
('4f0068ff4ecd1b0450a3b5360bea8001', 18, '2012-11-06 23:37:40', '2012-11-06 23:37:43'),
('4f0565699c8bfb3a859a56816cab281b', 4, '2012-11-09 15:31:29', '2012-11-09 16:31:29'),
('504a1c671dec6dc33c10651a669dd6b4', 1, '2012-07-30 14:00:53', '2012-10-17 22:06:46'),
('510777d13b333be98a7b1940fa08dbdd', 1, '2012-11-20 15:02:47', '2012-11-20 16:22:36'),
('511308902207502637930ddc9c02b695', 1, '2012-11-15 22:27:01', '2012-11-15 23:19:36'),
('518ca6bf40893cae3ae5703dd259d538', 4, '2012-11-17 04:05:58', '2012-11-17 04:06:03'),
('51bfb7d1c2bc59b1d50a9233aaacfe00', 1, '2012-11-30 20:39:21', '2012-11-30 20:56:24'),
('52555d898d2c29e613ed48cf762338d4', 1, '2012-09-10 14:55:26', '2012-10-17 22:06:46'),
('5267f8242b17f318e82d5830e269fec1', 1, '2012-11-20 19:36:49', '2012-11-20 19:37:25'),
('52bb9bf4c04310452380dddca77f16f7', 1, '2012-09-10 20:24:18', '2012-10-17 22:06:46'),
('5316a2bec98515b12956e1b242966f47', 1, '2012-11-15 13:24:50', '2012-11-15 13:27:19'),
('53bdaeca1b8e9268ce1bce7634194d5c', 1, '2012-09-18 22:33:41', '2012-10-17 22:06:46'),
('54087307aa6da98f4fbe138d6def3dfe', 16, '2012-11-06 23:34:19', '2012-11-06 23:34:22'),
('54779f1e04535c720e1d2c6bcc1df7f5', 1, '2012-09-27 00:42:22', '2012-10-17 22:06:46'),
('5478bdb4fb4fc6160e0c2129b76cf93c', 1, '2012-07-06 01:43:02', '2012-10-17 22:06:46'),
('547e1b4a492a67aa5a91198e99090a8a', 1, '2012-08-02 02:16:31', '2012-10-17 22:06:46'),
('558fbfcdef1bea0aeda3af1e11d4d090', 4, '2012-11-29 21:10:14', '2012-11-29 21:10:17'),
('55f70d3360c9cc75c53fe090b39e1b71', 1, '2012-09-14 21:04:31', '2012-10-17 22:06:46'),
('57139f0eff409028fb51365d74d49fb0', 1, '2012-09-28 15:13:51', '2012-10-17 22:06:46'),
('578190b0d9354ded3b8e3f7e4c549d0b', 1, '2012-10-18 22:02:28', '2012-10-18 23:44:13'),
('5829ca4cbeaf776ac55eb68e91dbefd8', 1, '2012-09-20 01:06:17', '2012-10-17 22:06:46'),
('58905f62df865888be7c7ae66b6e446d', 1, '2012-08-02 22:27:51', '2012-10-17 22:06:46'),
('58d1e89f4b7ac40dc8bcd88231f57a86', 0, '2012-11-29 02:58:19', '2012-11-29 03:58:19'),
('59142156610984c80e8aaad5d266b101', 1, '2012-09-08 05:30:30', '2012-10-17 22:06:46'),
('5954f07b627c46c48afcf5a1ebd8396a', 1, '2012-11-26 23:13:20', '2012-11-27 00:33:04'),
('59a1803fd717aedc5a98dfc6cf0ceee4', 4, '2012-10-19 02:59:33', '2012-10-19 04:14:45'),
('59a3275f132243305dcf578dd36b55cf', 1, '2012-10-18 19:55:49', '2012-10-18 20:00:43'),
('59d6c811430a26000be972f269e2ecad', 4, '2012-11-21 14:42:52', '2012-11-21 15:42:53'),
('5a12ad49e71fc4893661ec263e733293', 1, '2012-07-30 22:41:21', '2012-10-17 22:06:46'),
('5ab43bba919090f2e2a1b57d7b3ced5a', 1, '2012-11-25 20:35:27', '2012-11-25 22:17:41'),
('5ad631abbc0b62c57d067e8a4da3ba2f', 1, '2012-08-10 17:03:44', '2012-10-17 22:06:46'),
('5b3cb29f794d8f890ce7a2a3ccbfd6f7', 1, '2012-09-22 19:05:57', '2012-10-17 22:06:46'),
('5b635475ced3e18ac91612c5069df4f3', 1, '2012-10-15 16:41:16', '2012-10-17 22:06:46'),
('5b8c5dbe2796c002230d2450cb8b008b', 1, '2012-07-30 22:47:31', '2012-10-17 22:06:46'),
('5bf6ba0b8a8bdc87195639706eaf891d', 1, '2012-10-31 19:31:28', '2012-10-31 20:31:28'),
('5c2fafbb91eb8726887b2107fab8bce7', 1, '2012-09-20 01:01:24', '2012-10-17 22:06:46'),
('5c3fd50d601a4bef0234a3fd464103a6', 1, '2012-09-14 22:01:28', '2012-10-17 22:06:46'),
('5c6180d89fa0b75505fb3532b155fbe3', 1, '2012-10-15 16:27:52', '2012-10-17 22:06:46'),
('5c6c9925e9ae3d5bdc9b57aeee82d255', 1, '2012-10-26 19:38:57', '2012-10-26 20:16:20'),
('5cf088a6ab34ac1ebdc9fcb300d81d63', 1, '2012-10-30 14:40:54', '2012-10-30 16:00:14'),
('5d3ae74acaaf673505ba00f9c6303d0a', 1, '2012-09-14 22:11:35', '2012-10-17 22:06:46'),
('5deeb04d16885632f18a0727658b0cea', 1, '2012-09-11 16:19:40', '2012-10-17 22:06:46'),
('5e272fd9abdfb1bd13fb9083b9126690', 1, '2012-09-08 03:23:32', '2012-10-17 22:06:46'),
('5e46d5413eec934ff6cefde39a0de99d', 4, '2012-11-21 20:24:20', '2012-11-21 20:46:37'),
('5e9072716d15bc9fc5cb2f1a4e5d0164', 17, '2012-11-06 23:36:25', '2012-11-07 00:36:25'),
('5f41ac184ad6825d100de18e0ce2bfa3', 1, '2012-07-31 21:20:31', '2012-10-17 22:06:46'),
('5f86f80f31244f718f472100331ce67e', 1, '2012-08-04 00:33:19', '2012-10-17 22:06:46'),
('5fc14b3a5b23bbbc8044048cb1a3f231', 1, '2012-08-02 02:27:07', '2012-10-17 22:06:46'),
('5fcd50bb7cf76fffe7a6cc61352935c8', 1, '2012-10-23 16:02:19', '2012-10-23 17:06:10'),
('6031994208a6c6cd4f51dc13d5c74860', 1, '2012-09-20 16:32:46', '2012-10-17 22:06:46'),
('616ffad5fe21de00da253e5c4eec3167', 1, '2012-10-16 18:52:53', '2012-10-17 22:06:46'),
('61a05a06b2dfcffdb1052372d69099ef', 4, '2012-11-12 16:42:47', '2012-11-12 17:47:13'),
('622e478d89c3d9c57a0bcbc205a79e2b', 1, '2012-11-06 00:43:33', '2012-11-06 01:02:21'),
('62792357eab313795668052f014300ab', 1, '2012-09-10 20:31:48', '2012-10-17 22:06:46'),
('62ad9079fdf2faed98efb176fad205ae', 19, '2012-11-12 16:34:50', '2012-11-12 16:41:10'),
('62c30a10e529c687d0455af907bb45ad', 1, '2012-09-22 19:04:58', '2012-10-17 22:06:46'),
('62db564bdb8f8af06030719e1588bfe1', 1, '2012-09-14 22:12:10', '2012-10-17 22:06:46'),
('6300f3a931e29145b100a1956b0fa3ee', 1, '2012-11-29 21:18:22', '2012-11-29 21:21:17'),
('631005e41a8f9bbaca7af736271d2894', 1, '2012-10-25 14:59:20', '2012-10-25 17:40:06'),
('6316d881edbb30427b047545ffad7ec8', 11, '2012-10-19 19:00:28', '2012-10-19 19:01:14'),
('6344cdaceed00345e4ec7e171a17c9c0', 1, '2012-11-16 03:09:35', '2012-11-16 04:54:31'),
('63484ec14d346f4be229ea888f9ab8d2', 1, '2012-09-21 21:36:13', '2012-10-17 22:06:46'),
('63e9d7b2335ef0004946011fb74f1552', 1, '2012-07-31 21:19:55', '2012-10-17 22:06:46'),
('649f59860976c1c4f5e65465c6dfa991', 1, '2012-09-22 19:18:56', '2012-10-17 22:06:46'),
('64ff58a3d02e16ce12a6ce0d537e6036', 1, '2012-11-03 00:18:37', '2012-11-03 01:30:20'),
('6567960de1999aa0af730f927e308cea', 1, '2012-11-30 15:41:58', '2012-11-30 15:58:10'),
('6585eb1361ace44e7c4e061180890eff', 1, '2012-10-26 18:29:11', '2012-10-26 19:38:38'),
('65f277f2d445b8020bf84f53b5d58cbc', 1, '2012-10-18 20:13:36', '2012-10-18 21:20:56'),
('6793332a367f0e4dd48d44badb066f3b', 1, '2012-09-13 20:22:22', '2012-10-17 22:06:46'),
('69adee6ca8695af659b797505f2eb649', 1, '2012-07-30 14:01:32', '2012-10-17 22:06:46'),
('6a7e349e009f4ad46ea86a5ec090592d', 1, '2012-10-18 18:00:45', '2012-10-18 18:01:43'),
('6a94dde6e9cb5cdbf04cb5afae9517e7', 1, '2012-10-18 20:01:26', '2015-01-26 07:00:00'),
('6b8388c52f6c3bfaf7bf39f56c32e734', 1, '2012-10-19 02:06:51', '2012-10-19 02:59:27'),
('6bf53f880e1216d9a0313b2517611959', 1, '2012-09-11 16:26:41', '2012-10-17 22:06:46'),
('6c3d6231dadcf32e9f374d36d729b86f', 1, '2012-09-19 21:59:27', '2012-10-17 22:06:46'),
('6c5389c1bf3d7660c6cd6b05ef4e8cb9', 1, '2012-09-10 15:21:14', '2012-10-17 22:06:46'),
('6c633c1c1566f37ae4afb6593ed621c8', 1, '2012-09-22 18:49:09', '2012-10-17 22:06:46'),
('6cc1ff730b9b6ad89894a6bdacd2313a', 1, '2012-08-02 22:20:54', '2012-10-17 22:06:46'),
('6cc9276c455ca182a482ac5f4b3cb3e9', 1, '2012-09-22 18:45:36', '2012-10-17 22:06:46'),
('6d2450a932f1e76c59b85b073ef1f267', 4, '2012-11-07 15:02:20', '2012-11-07 16:02:22'),
('6dcf624604c0b0bd5080f566be3e5901', 1, '2012-11-29 16:39:45', '2012-11-29 18:16:01'),
('6e16313cbc9eac261cce382d0eb229c3', 1, '2012-09-10 20:14:43', '2012-10-17 22:06:46'),
('70aa1dfa97f07651acf8bf8da0bb8d51', 1, '2012-09-10 20:18:14', '2012-10-17 22:06:46'),
('7224db4fec074d577e29a89bbcad1b2c', 1, '2012-09-13 21:23:56', '2012-10-17 22:06:46'),
('72958b2432f0dead3dadeb42f4b130b7', 1, '2012-08-02 02:05:11', '2012-10-17 22:06:46'),
('73a3b18043cf6b4c35fc9d7bd18ac9f9', 4, '2012-10-19 15:44:02', '2012-10-19 15:48:41'),
('73ad0dfa09ad5dc88342413ed1e56323', 1, '2012-07-07 04:33:12', '2012-10-17 22:06:46'),
('742b1f014557181602a2253149ef59ec', 13, '2012-11-06 23:32:47', '2012-11-06 23:33:07'),
('742d2423e16b722b5c8faad57b0a9b85', 1, '2012-09-05 22:04:15', '2012-10-17 22:06:46'),
('747da405c18f27b740c288460245b239', 1, '2012-09-14 21:55:03', '2012-10-17 22:06:46'),
('75a79425bf9a9ec975da9aeef45b0782', 22, '2012-11-29 21:48:24', '2012-11-29 21:48:30'),
('75ab51a6190d38932dbd93c320558877', 1, '2012-09-22 19:01:56', '2012-10-17 22:06:46'),
('766fc8a9b4f2126885aaa8dfe3102499', 1, '2012-09-10 16:12:34', '2012-10-17 22:06:46'),
('76d7d245d6f7a288e791cd657cd3e2b0', 1, '2012-11-23 19:32:43', '2012-11-23 20:42:53'),
('79232ad025b5759361367787c86e342e', 1, '2012-11-29 16:37:59', '2012-11-29 16:39:39'),
('7a20efc89b96b195e32815a86ca30fc7', 1, '2012-10-17 15:08:37', '2012-10-17 22:06:46'),
('7a7f5bfe90ef8993ecb1227ac4f1ffe7', 1, '2012-11-07 16:34:05', '2012-11-07 16:34:28'),
('7aaa97b373824beea609838db932b2df', 1, '2012-09-22 19:13:22', '2012-10-17 22:06:46'),
('7c21e38fe809ef340fc9633f99a51293', 12, '2012-11-06 16:34:28', '2012-11-06 16:34:58'),
('7c42c9b1547afe13af64f5d5e95a6e1d', 1, '2012-09-22 19:05:40', '2012-10-17 22:06:46'),
('7c58db84776de510cdc8bf2031c531c6', 1, '2012-09-20 15:21:13', '2012-10-17 22:06:46'),
('7c6cc2fa9bdbaace3616c6a5299a3164', 4, '2012-11-17 04:08:14', '2012-11-17 04:09:12'),
('7e71f8bd06aff4ab78a8b93a23e13036', 1, '2012-09-14 21:20:06', '2012-10-17 22:06:46'),
('7ea58515e67350a89c21966bc966456c', 4, '2012-11-15 16:19:07', '2012-11-15 17:19:07'),
('7ee99be9def85b60ebddb1042a53f5f0', 23, '2012-11-29 23:07:37', '2012-11-29 23:09:28'),
('7ef3c9bd50df2a4a24e7fe4df92d8511', 1, '2012-09-21 21:23:05', '2012-10-17 22:06:46'),
('7ef4e5e0ac61f1f74779e2033396f247', 1, '2012-10-24 13:06:49', '2012-10-24 15:53:02'),
('7f86c55bc7908b69d70c6ff3547f60ec', 1, '2012-09-10 15:19:07', '2012-10-17 22:06:46'),
('80072bac0e9e4fc0f128443de70b4914', 1, '2012-09-11 21:51:37', '2012-10-17 22:06:46'),
('80a16b6d4dff36c9a39755d6b63d730a', 1, '2012-10-22 12:49:06', '2012-10-22 14:25:28'),
('80b9e57403183b1217a2b9d93525fd2a', 24, '2012-11-29 23:09:36', '2012-11-29 23:09:41'),
('80e383e1b2bce6bae0d62691022b2cc8', 4, '2012-11-21 16:31:13', '2012-11-21 20:10:52'),
('80f993dccd8b68ca255b4f2afa0861af', 1, '2012-11-24 03:11:43', '2012-11-24 04:39:10'),
('80fb1f5b8a9420877b957c2b3c1e3b44', 1, '2012-08-02 22:25:58', '2012-10-17 22:06:46'),
('81318460635cddd813ed800cca83c392', 4, '2012-11-07 16:32:34', '2012-11-07 16:33:16'),
('81845a4bc646dbc5ffa521b37ee3b03f', 1, '2012-09-21 21:05:34', '2012-10-17 22:06:46'),
('81858efd7a30e79ef7d2568abc79299c', 1, '2012-09-10 20:28:26', '2012-10-17 22:06:46'),
('8198daabbc4653a1c14c1198855b2528', 1, '2012-10-27 02:19:38', '2012-10-27 03:20:06'),
('829821fd151693c555cd054892bb7e70', 4, '2012-11-07 14:35:36', '2012-11-07 15:39:06'),
('82e3b569c8637a05ee6be958010ec643', 1, '2012-10-24 01:50:00', '2012-10-24 02:53:12'),
('83a625a15ccae5631d190a33dfb69238', 1, '2012-09-08 05:38:17', '2012-10-17 22:06:46'),
('83c32938e7533144b305ccba93c8057f', 1, '2012-09-19 21:58:24', '2012-10-17 22:06:46'),
('8495e193f812a6c393ae05b17a7f2b03', 1, '2012-09-22 19:16:38', '2012-10-17 22:06:46'),
('84cbc2d64bbe48bc4e0a141def1eaadd', 1, '2012-09-10 20:08:39', '2012-10-17 22:06:46'),
('85609374e6628b60d09b00af5a0df1f9', 1, '2012-10-25 02:15:33', '2012-10-25 02:16:15'),
('85a4be6648cf5e909b5e70efc8f93267', 1, '2012-09-10 20:30:49', '2012-10-17 22:06:46'),
('8619221c052c2001dfb7e8d8193a7fb2', 1, '2012-09-05 22:19:39', '2012-10-17 22:06:46'),
('864201f0bd50ffc66e6aa4bfa5b5ed22', 1, '2012-07-30 13:59:57', '2012-10-17 22:06:46'),
('869cd170854b7964b4866dd57894b385', 1, '2012-09-05 22:05:26', '2012-10-17 22:06:46'),
('87b5de85dc35a82736d4aee50a5bdba8', 1, '2012-07-30 14:11:44', '2012-10-17 22:06:46'),
('88ca2323ed85fc521a0b2525e775633b', 1, '2012-07-30 14:15:55', '2012-10-17 22:06:46'),
('88fc9ba3ca2a70204212c6a9a0ceb1b7', 1, '2012-07-30 01:36:19', '2012-10-17 22:06:46'),
('896d6f92e6720b7e617ccdf461c64b1c', 4, '2012-11-15 15:08:55', '2012-11-15 17:18:22'),
('89963e2cf602e582a52e9fc829ef819e', 4, '2012-11-07 03:34:11', '2012-11-07 03:43:18'),
('8b0c2686a75b6462601cd497294db9b2', 1, '2012-10-26 20:18:10', '2012-10-26 20:18:23'),
('8bb7becdaf37c85758ba5a7916360184', 1, '2012-09-07 22:47:30', '2012-10-17 22:06:46'),
('8cb474424b4f1f8654999230c032a18a', 1, '2012-09-13 21:15:00', '2012-10-17 22:06:46'),
('8d064c67bfea773dfa55d7a807b0b5a3', 1, '2012-09-22 19:02:33', '2012-10-17 22:06:46'),
('8dd39b903f9ec0ce62e8fd3632c78bec', 1, '2012-11-27 21:58:47', '2012-11-27 23:54:17'),
('8deb4e9e06cd78f59e951b81d6005917', 1, '2012-11-14 22:35:07', '2012-11-15 00:05:39'),
('8e47bacb84bf559453337d87c063b24c', 1, '2012-09-14 21:13:34', '2012-10-17 22:06:46'),
('8e6ca42d73d6f75f214efbfb99bb7542', 1, '2012-11-29 21:24:02', '2012-11-29 21:25:46'),
('8f0628635f10085f9905870719328812', 1, '2012-09-10 15:11:51', '2012-10-17 22:06:46'),
('8f2c12ebda1f77edeea76d2a208e8a3c', 1, '2012-08-29 21:24:55', '2012-10-17 22:06:46'),
('8fe419dcbd60646ca6cc7c4075944b67', 1, '2012-10-16 14:06:25', '2012-10-17 22:06:46'),
('906cb5e580559c3794af189132eed949', 1, '2012-10-14 14:47:05', '2012-10-17 22:06:46'),
('913f89275a601dd6d6cc8fd2f047dfcc', 5, '2012-10-19 17:22:55', '2012-10-19 18:23:42'),
('923497b97d999dacb9f1fc7784236cd3', 1, '2012-09-14 22:05:01', '2012-10-17 22:06:46'),
('934d85f5b05d9dbbee1bf9db96c8a9ae', 1, '2012-09-10 20:21:32', '2012-10-17 22:06:46'),
('93bcd11bbcdd183f353ef9022466cb50', 18, '2012-11-06 23:37:49', '2012-11-06 23:41:55'),
('93ccbca37e20a1e2cec0ebd701d2dc21', 1, '2012-11-23 19:30:03', '2012-11-23 19:31:11'),
('943830de7d7b68a1c2be40b753336e53', 1, '2012-10-17 22:16:28', '2012-10-17 22:16:56'),
('947d01296c1f0d42ec87d28656b76fea', 1, '2012-10-31 18:59:31', '2012-10-31 20:15:50'),
('94a2f2662cd8077071684d6afff7c35c', 1, '2012-12-06 20:52:02', '2012-12-06 22:00:14'),
('951f36a37e22f9b98a08253aadf8aabf', 4, '2012-11-20 19:49:55', '2012-11-20 20:50:24'),
('9542d44b996ab6a3ef5ab7a42307eec9', 1, '2012-09-13 21:24:49', '2012-10-17 22:06:46'),
('95e4ec17e8dd6040a5185df84376eb93', 1, '2012-07-30 14:17:10', '2012-10-17 22:06:46'),
('963ee41190e76a842d87e8a83c4d58fa', 1, '2012-11-24 23:37:43', '2012-11-25 01:22:53'),
('963fc7d7ccb9a4c8e3abef80517e07a3', 1, '2012-09-12 13:46:59', '2012-10-17 22:06:46'),
('973399b7391bf85b9e792c2f92f0eee1', 22, '2012-11-29 21:48:38', '2012-11-29 22:48:43'),
('9815c89a97b3cbe446f84d74933a7d32', 1, '2012-09-20 00:45:27', '2012-10-17 22:06:46'),
('986cb41cbec35eb2f84a42d7e572d501', 1, '2012-11-06 20:07:26', '2012-11-06 20:07:56'),
('988de49bc36d0d8fe0599743d02e2ef1', 0, '2012-11-29 16:37:21', '2012-11-29 17:37:21'),
('9907b7d0e79bb674727eb6f2e97db5b6', 1, '2012-09-11 21:47:52', '2012-10-17 22:06:46'),
('9985b9ea9a83a57182c81bb8da2289d2', 1, '2012-09-13 17:45:37', '2012-10-17 22:06:46'),
('99926204773696e61a28889e62f57b6e', 1, '2012-07-31 21:19:53', '2012-10-17 22:06:46'),
('99d4bb36f2ca3f73e69d26d7a8476b7a', 1, '2012-09-10 15:27:23', '2012-10-17 22:06:46'),
('99e3bf3a4b883837425326e69730849b', 4, '2012-11-26 15:30:52', '2012-11-26 16:32:40'),
('9a0f00e8d92e58db74e651145f3eeb0e', 22, '2012-11-29 22:55:50', '2012-11-29 23:07:23'),
('9a51579ea8ad16ea84c73703e66e7365', 1, '2012-10-15 18:35:39', '2012-10-17 22:06:46'),
('9a5517b6baca443245ec8b388e02d74f', 1, '2012-10-26 15:47:50', '2012-10-26 15:54:59'),
('9a589942aa46b91df8c77fe6b00a0238', 1, '2012-09-19 21:48:38', '2012-10-17 22:06:46'),
('9a6498c3f728bfbff9f7ce0878bc809f', 1, '2012-11-05 21:52:12', '2012-11-05 23:53:33'),
('9b6d73cd524c9587e061e4064820cd16', 1, '2012-09-10 15:20:45', '2012-10-17 22:06:46'),
('9c9ce03938c3c14c749bc88a0c3dcb6d', 4, '2012-11-17 04:22:22', '2012-11-17 04:31:48'),
('9d6f343d91debf52473512bd2194e846', 1, '2012-09-10 15:52:04', '2012-10-17 22:06:46'),
('9d9b3bc08d57fef326cae9bdcba8d654', 1, '2012-10-15 16:27:43', '2012-10-17 22:06:46'),
('9daae8f5214d32d01024b9ce96122a5e', 1, '2012-09-13 21:26:23', '2012-10-17 22:06:46'),
('9df77d7bc0d68efef4b18ed5f29dd8dd', 1, '2012-09-11 21:49:12', '2012-10-17 22:06:46'),
('9e211feb7f1562ecb28df31d49a8fd1e', 1, '2012-07-30 01:35:05', '2012-10-17 22:06:46'),
('9e63267b8cb77be11ade351d0f465082', 1, '2012-09-22 19:07:34', '2012-10-17 22:06:46'),
('9f865617bcf88c439440eee901adecd8', 1, '2012-07-31 21:08:11', '2012-10-17 22:06:46'),
('a0069a3b23dab9464a998b192f615e04', 1, '2012-07-07 03:38:09', '2012-10-17 22:06:46'),
('a031d81027f28be0c865f6681f951dad', 1, '2012-09-10 20:17:02', '2012-10-17 22:06:46'),
('a0695fe8795f8ba5bad9f0623dcfe775', 1, '2012-09-10 16:07:02', '2012-10-17 22:06:46'),
('a10123f5abbf978a01503b5b55f8c0d9', 4, '2012-11-19 21:20:47', '2012-11-19 22:21:13'),
('a113c138254a545c0c4221185537b38e', 1, '2012-09-14 21:30:27', '2012-10-17 22:06:46'),
('a1a03eec0d04d10944777ccaeaf4b4a2', 1, '2012-10-31 21:31:18', '2012-10-31 23:21:40'),
('a2674f17c3aec97f73cfe0bbb0480c80', 1, '2012-10-10 02:59:07', '2012-10-17 22:06:46'),
('a272b7cf84281f051dfa48cfc7968484', 4, '2012-11-08 20:09:19', '2012-11-08 21:11:56'),
('a2c90c8832d733d2a4b84fbe63fe5822', 1, '2012-10-26 20:11:44', '2012-10-26 21:15:28'),
('a2e6ff0b9c0597f29cf496ccf901f2dc', 1, '2012-10-29 16:03:51', '2012-10-29 21:07:05'),
('a41129b52658d8cef3777d86690703bf', 1, '2012-07-30 14:18:53', '2012-10-17 22:06:46'),
('a45fab502f2dbebdd48df883f9c97ef7', 1, '2012-09-14 21:55:54', '2012-10-17 22:06:46'),
('a460fa8561dd67568727d3093cdc3812', 1, '2012-09-10 15:28:48', '2012-10-17 22:06:46'),
('a4a268618d745ecf0a46372e6c21eb55', 1, '2012-10-23 01:00:51', '2012-10-23 02:34:53'),
('a53423682907627c1119b20fefa084ea', 1, '2012-09-14 21:49:13', '2012-10-17 22:06:46'),
('a5ca351534ed05bf06b5fa01cebd97aa', 1, '2012-09-11 16:13:51', '2012-10-17 22:06:46'),
('a6ce262fb142ab43fa188139852e5bff', 1, '2012-11-12 23:17:10', '2012-11-13 00:04:07'),
('a721eb4982e6b23352f958b3ad7a9120', 1, '2012-10-17 20:13:23', '2012-10-17 22:06:46'),
('a793041c9c1bba2e39444c5193d07e96', 1, '2012-09-20 16:34:03', '2012-10-17 22:06:46'),
('a7a1fe87477e09a8238229d465ccf0f4', 1, '2012-09-04 21:43:13', '2012-10-17 22:06:46'),
('a84a9100732dda42fd2c1929344353cb', 1, '2012-09-14 21:12:23', '2012-10-17 22:06:46'),
('a8f76f06e524acde931dc798669f4749', 1, '2012-10-18 15:54:01', '2012-10-18 17:57:15'),
('a9144972e86c452c8bf644fe31840322', 1, '2012-10-13 03:14:24', '2012-10-17 22:06:46'),
('a9967e4809d76a2bd5982ec819ab115e', 1, '2012-07-31 21:13:23', '2012-10-17 22:06:46'),
('a997a73d007d1bbdcceb653391ab6243', 1, '2012-11-07 03:43:22', '2012-11-07 04:44:13'),
('a9a2d2862bf77182416489a6d0a70725', 1, '2012-10-15 16:26:35', '2012-10-17 22:06:46'),
('a9d920fd4611413d521eb8d6ee2d88ca', 1, '2012-09-20 15:24:11', '2012-10-17 22:06:46'),
('a9ebfc470a549c75e26bb7ff39dcc480', 1, '2012-11-28 15:55:06', '2012-11-28 17:04:20'),
('aa542da2ca44d7b337c9073e623cb41f', 1, '2012-07-30 13:59:30', '2012-10-17 22:06:46'),
('aad4ffda08cf6b6646b657690cb53b40', 1, '2012-09-14 21:17:48', '2012-10-17 22:06:46'),
('abe9050b0c7af8da8ac6e1625e976601', 1, '2012-10-16 15:15:01', '2012-10-17 22:06:46'),
('abfae83e20ea7d63b66536fce5cd96c6', 1, '2012-10-15 16:42:25', '2012-10-17 22:06:46'),
('acbdd8559891cbf08f1a516dbb08f006', 0, '2012-11-29 02:58:14', '2012-11-29 03:58:14'),
('ace46c0544c27d4d6b939a57d8e5e27f', 25, '2012-11-30 00:45:01', '2012-11-30 02:00:38'),
('ad7fc33b9e71eb310ee38266599fdb49', 1, '2012-10-23 13:41:43', '2012-10-23 15:25:07'),
('ae0ab586719a4df42c6c5f3b1cd18b6f', 1, '2012-09-17 21:31:15', '2012-10-17 22:06:46'),
('ae709436fc52cfb12344ef68a5a5fa59', 1, '2012-09-14 22:11:14', '2012-10-17 22:06:46'),
('aea4a89938a9f24f04d73a1a77e2073e', 1, '2012-08-02 22:24:57', '2012-10-17 22:06:46'),
('aeab18f83bfbd2f2f2fa299c03b072ca', 1, '2012-10-12 22:02:18', '2012-10-17 22:06:46'),
('aeb0bb88bb9124bbae97a44d6fb33b3f', 1, '2012-10-24 22:33:59', '2012-10-24 23:35:43'),
('af6b565a0777f4774ab89b9562f5fc49', 1, '2012-12-04 19:06:41', '2012-12-04 21:15:08'),
('af9ab3c03cd6b275494d00064281304b', 1, '2012-11-28 22:18:00', '2012-11-28 23:06:43'),
('afd144261e8c7b0c4155101046b7aebe', 1, '2012-07-31 21:04:47', '2012-10-17 22:06:46'),
('b00842c0eb11fc7d0d6a2eaea165f2ee', 1, '2012-11-20 23:00:15', '2012-11-21 00:36:34'),
('b103d807f99b9f2980181b7dbd608651', 1, '2012-09-15 05:03:04', '2012-10-17 22:06:46'),
('b11e1a4905bf76679812c82892281331', 1, '2012-10-17 21:50:54', '2012-10-17 22:09:37'),
('b152c300d43ebba30d5793ca875f9074', 4, '2012-10-19 15:40:37', '2012-10-19 15:43:43'),
('b1d8b3fa7d15226bc8ecc62809bd5392', 1, '2012-11-08 13:53:06', '2012-11-08 15:20:43'),
('b29ecdc7f4af4dc1334671442854c595', 1, '2012-07-30 02:00:41', '2012-10-17 22:06:46'),
('b2aec3423e7be3f0687c30f9e915249b', 1, '2012-11-01 00:35:13', '2012-11-01 02:45:16'),
('b2b0a87d82f060eae707bb139744d1e1', 1, '2012-11-05 17:11:37', '2012-11-05 19:48:25'),
('b321d85f07c4422cbadf5e0e802c6f7e', 1, '2012-10-25 19:01:15', '2012-10-25 19:43:23'),
('b3c01c197bc2a25ef7a83396fe63f5e7', 1, '2012-09-14 21:02:22', '2012-10-17 22:06:46'),
('b4740639a491df0b22644156e615c0bf', 4, '2012-11-17 04:06:52', '2012-11-17 04:07:34'),
('b4bd2a3edbd532380e087f5d0979cf72', 4, '2012-11-07 20:26:14', '2012-11-07 21:48:27'),
('b4e3befbaf938a1e1ed4e856474295a0', 1, '2012-11-15 18:30:42', '2012-11-15 20:10:41'),
('b518783fded5707c55d8ed0542de06a5', 1, '2012-09-20 15:22:01', '2012-10-17 22:06:46'),
('b5913bdfc8d873e06492d902e5298442', 4, '2012-12-06 21:36:29', '2012-12-06 21:36:33'),
('b60b6d471a2a7bc3b4eeafdf45d735a6', 1, '2012-11-01 16:36:56', '2012-11-01 18:37:36'),
('b65a6ca5d70a288b65c3afde6f983a22', 1, '2012-10-08 22:45:57', '2012-10-17 22:06:46'),
('b68697a2f024d8becc6ecbcee78b1842', 1, '2012-09-07 15:39:46', '2012-10-17 22:06:46'),
('b688d6c892e52dbea25ce3a20378daf7', 1, '2012-09-10 20:32:09', '2012-10-17 22:06:46'),
('b69cdcd37b8fd9f4055df22f9e69130d', 1, '2012-09-08 05:32:00', '2012-10-17 22:06:46'),
('b78feb724602c8e6f2fa63126aa52e9a', 1, '2012-09-13 21:14:03', '2012-10-17 22:06:46'),
('b7c409fe957c882c5154c4b524b729f1', 1, '2012-09-20 14:59:17', '2012-10-17 22:06:46'),
('b7ebdcf05b395254781df5961a03ae7c', 1, '2012-09-10 20:22:34', '2012-10-17 22:06:46'),
('b8fbe428aac4347b6919413ec3a4c2da', 1, '2012-09-14 21:32:25', '2012-10-17 22:06:46'),
('b94d8374bfaf422c5b7908649d333a6f', 1, '2012-09-28 15:47:32', '2012-10-17 22:06:46'),
('b9c8b43d090ac251da80e76ec59e3b88', 1, '2012-09-20 15:25:12', '2012-10-17 22:06:46'),
('ba3873e3250d546535e9a813790f9918', 1, '2012-09-10 20:23:12', '2012-10-17 22:06:46'),
('baf8e341ca3a37f0d31621150f985a0e', 1, '2012-09-20 01:03:40', '2012-10-17 22:06:46'),
('bb1130100de5c8cb12886b1400f78b03', 1, '2012-09-14 21:58:51', '2012-10-17 22:06:46'),
('bb748b2ec2f1bfe715c6485b41698651', 1, '2012-11-28 20:52:46', '2012-11-28 21:27:05'),
('bb7afe525f3d6cfee8e571e1d2f749fb', 1, '2012-10-19 14:40:57', '2012-10-19 15:26:45'),
('bc201ae71bdaf2e89dd6ba5804915a8d', 1, '2012-09-10 20:23:53', '2012-10-17 22:06:46'),
('bd485e9e8cc6f725a87c684183ae8798', 1, '2012-07-22 21:38:39', '2012-10-17 22:06:46'),
('bdbe0373d9bccf7bdd843c73401db512', 1, '2012-10-18 15:30:26', '2012-10-18 17:59:15'),
('bed99fbbba6e0d85dbbe79e8d0ab2123', 4, '2012-11-20 19:21:26', '2012-11-20 19:35:52'),
('bedd51cf4a49fa641cc516ff17538037', 1, '2012-10-19 01:45:41', '2012-10-19 01:45:43'),
('bf3815c80ceb0b0a9c8abf5cf83bfcbb', 1, '2012-09-10 16:13:27', '2012-10-17 22:06:46'),
('c068b97e1489ce9d264d2c95fb4790d3', 4, '2012-11-29 21:10:53', '2012-11-29 21:10:56'),
('c1f56e5f33904555324db1e4e15780b0', 1, '2012-09-14 22:09:32', '2012-10-17 22:06:46'),
('c209313151e296a0fc900675610a4c2a', 1, '2012-09-14 21:09:18', '2012-10-17 22:06:46'),
('c2eccf14a08964bbf2d7c8aaf79640bc', 1, '2012-12-01 00:01:09', '2012-12-01 01:01:14'),
('c3404c5fd4faedeaffb895c63159e4b5', 1, '2012-09-10 15:50:01', '2012-10-17 22:06:46'),
('c368b4e93292a48e73ce7d4cba7ee7c2', 1, '2012-10-18 19:09:25', '2012-10-18 19:26:15'),
('c4258fd5e0909aa058d9b1c7f74c8c96', 1, '2012-10-23 21:57:59', '2012-10-23 23:39:05'),
('c53ac038dd995b4e0f65367349b3ce51', 1, '2012-09-14 21:05:27', '2012-10-17 22:06:46'),
('c58cf632b5f2fd1f21b1267023461448', 4, '2012-11-17 04:31:54', '2012-11-17 04:31:59'),
('c67bfa0f2c013d6a3689d4354a7e12b1', 1, '2012-09-21 21:00:45', '2012-10-17 22:06:46'),
('c6c4cc856e6839fa0b0cc4e238a6d1f4', 1, '2012-09-15 05:03:45', '2012-10-17 22:06:46'),
('c932c316686ca4e2eb02936ba44249b8', 11, '2012-11-06 20:08:01', '2012-11-06 21:08:02'),
('c9773187caf4edaf06e45d0f77abcf4a', 1, '2012-07-31 21:02:35', '2012-10-17 22:06:46'),
('c9b15642042d5c81f586a32aed2866fe', 1, '2012-10-14 03:10:50', '2012-10-17 22:06:46'),
('caa755793434405d133a7c82486bbfea', 4, '2012-11-27 14:03:58', '2012-11-27 15:06:23'),
('caa9675a2c1bdf84fd925816ecef21e5', 1, '2012-11-26 00:21:11', '2012-11-26 02:40:48'),
('cc3e606545baca9d5807db85e589160a', 1, '2012-08-29 21:57:05', '2012-10-17 22:06:46'),
('cc9c794a94f8a923831a4d9ef9f57721', 1, '2012-09-22 19:13:45', '2012-10-17 22:06:46'),
('cda43c86a30379e7c7988ede5c81131a', 1, '2012-10-27 01:27:23', '2012-10-27 02:19:34'),
('cdcd99752e7c97b919aa2d0538568118', 1, '2012-11-05 20:25:13', '2012-11-05 21:25:49'),
('ce9734a6ee3b62d62b84d8a7f5369476', 19, '2012-11-13 04:57:54', '2012-11-13 06:02:00'),
('cee1045afa75e4174f6e05348f200a28', 1, '2012-09-12 16:06:45', '2012-10-17 22:06:46'),
('cee31b3d3151bffdfdd005eeecce34ab', 1, '2012-07-31 20:58:38', '2012-10-17 22:06:46'),
('cf0d3846fd1b13af99ca2433bf05a4de', 4, '2012-11-27 20:20:13', '2012-11-27 21:24:55'),
('cf8cd73cbb2db69d189a7fc8c3b22e47', 1, '2012-09-04 22:00:35', '2012-10-17 22:06:46'),
('d02c1e655803922abea9ad86cbcc408f', 1, '2012-09-28 21:28:49', '2012-10-17 22:06:46'),
('d08ebf76a5bc24e6a5da4ecad5108636', 1, '2012-07-30 14:16:25', '2012-10-17 22:06:46'),
('d097009d122410713cf6078827a8563e', 1, '2012-10-13 21:26:53', '2012-10-17 22:06:46'),
('d0e84d25c0e144177164e839214f1634', 1, '2012-10-19 19:01:21', '2012-10-19 21:18:14'),
('d122599e78d1b76728a64698479acaf5', 1, '2012-09-14 21:52:46', '2012-10-17 22:06:46'),
('d1566003aee5543c4f402bfde3029430', 1, '2012-11-19 22:31:07', '2012-11-19 23:17:19'),
('d1566a86098ed8be8c08f49ae57d91c3', 1, '2012-09-22 19:19:34', '2012-10-17 22:06:46'),
('d3264d6b30e55ff6c2a52084eb46378b', 1, '2012-09-10 16:08:18', '2012-10-17 22:06:46'),
('d37cddb4d02e8447b3ff6c19b11c6ed1', 1, '2012-11-02 13:16:35', '2012-11-02 15:35:19'),
('d3843c2c680e903c2edbb542b2f6ca1b', 1, '2012-11-29 20:41:03', '2012-11-29 21:04:57'),
('d3988e78ed5c93b98b387c1d2205ae5d', 11, '2012-10-19 18:40:26', '2012-10-19 19:00:14'),
('d4971d5e2dbbb5c1b4891731a42fdd36', 19, '2012-11-12 18:23:56', '2012-11-12 18:23:59'),
('d4b039abbd8e8b97e746107829b0db25', 1, '2012-10-18 18:00:25', '2012-10-18 18:00:51'),
('d4eff5f822e778e8217e9dfe949ba1ed', 1, '2012-07-05 22:27:36', '2012-10-17 22:06:46'),
('d51bec58fd8f483ac5bfabc9ec8c0a00', 1, '2012-09-14 21:22:32', '2012-10-17 22:06:46'),
('d526d3366e3ac8a2255cf16a895a11a6', 1, '2012-10-18 18:03:19', '2012-10-18 18:03:53'),
('d58e2f2c81df571d12e580a5d1819b1d', 1, '2012-11-28 15:39:03', '2012-11-28 15:55:01'),
('d5aaa80dcedaa753a9f779d4a18f2086', 1, '2012-09-08 02:52:59', '2012-10-17 22:06:46'),
('d6101886436e6175acf7a15750d38279', 4, '2012-11-09 14:37:01', '2012-11-09 15:37:01'),
('d6378b5400b57ba62de2ea8d2091f1f4', 1, '2012-09-21 21:35:50', '2012-10-17 22:06:46'),
('d690e5943b49836a2d46b8dac571e5a0', 1, '2012-11-01 21:56:57', '2012-11-02 00:48:32'),
('d6addb576de5579bfea1e5c8b205e6ea', 1, '2012-07-31 21:10:00', '2012-10-17 22:06:46'),
('d6c3c529e63b5d27335fc5b15ee9ef8f', 4, '2012-11-17 04:20:36', '2012-11-17 04:20:52'),
('d6e1dca0e531f33d7ba01491fc0f5aca', 1, '2012-07-30 14:24:54', '2012-10-17 22:06:46'),
('d6fb07e2caa799b4d894a260a3e7c6aa', 1, '2012-09-19 22:14:57', '2012-10-17 22:06:46'),
('d7cc50b7aecf7fc6cb75c157b0bae523', 1, '2012-09-22 18:59:51', '2012-10-17 22:06:46'),
('d8a795f20d63066a0e1f8bf4c5552f9b', 1, '2012-09-10 14:52:00', '2012-10-17 22:06:46'),
('d8bbecfa4605fad731ad5d779ef9868b', 1, '2012-11-04 17:49:23', '2012-11-04 18:49:26'),
('d96632795c9f15553fd3288282907609', 1, '2012-07-30 14:25:31', '2012-10-17 22:06:46'),
('da29b56865c53f377e9f254506ef1241', 1, '2012-11-07 03:29:00', '2012-11-07 03:33:59'),
('dafc704142ebaa72f6e07e3a2875794b', 1, '2012-09-10 15:14:03', '2012-10-17 22:06:46'),
('db0a36b6ce395c020587b9d253e3e110', 1, '2012-07-30 14:30:52', '2012-10-17 22:06:46'),
('db25cf58f161c8ce6bf2654ceedcac05', 4, '2012-11-17 04:14:45', '2012-11-17 04:17:44'),
('db928ffd2f3b650d9b5c9bb103f02281', 1, '2012-07-31 21:07:20', '2012-10-17 22:06:46'),
('db92e5d674505a9def801e3a1926f5d8', 1, '2012-12-04 21:42:51', '2012-12-04 22:42:51'),
('dc699c0547676f4de88da2fee9c76681', 1, '2012-10-23 15:25:52', '2012-10-23 15:28:45'),
('de01a30398ca376f10d49b8a504cf767', 4, '2012-11-15 20:45:19', '2012-11-15 22:33:58'),
('de3c570a0ed3908ec0df682ba772aaf9', 1, '2012-09-08 02:46:52', '2012-10-17 22:06:46'),
('de9a6dba54eaf19609c34d2ee584c7d0', 1, '2012-09-10 16:10:21', '2012-10-17 22:06:46'),
('e0b642baaf7bc89b58d45a03f26d6f75', 1, '2012-09-08 02:50:41', '2012-10-17 22:06:46'),
('e158fbd2bfe241ba4fec0b777c13e19c', 1, '2012-07-27 20:29:11', '2012-10-17 22:06:46'),
('e1b0f33cc550cb4f7c8075a0502c6d69', 1, '2012-10-15 16:02:26', '2012-10-17 22:06:46'),
('e2d8b1256ff5f08132f7dd12d1813ebf', 1, '2012-08-02 22:35:34', '2012-10-17 22:06:46'),
('e2fc4b3b660bfcb7f625765bb8223eb6', 1, '2012-09-21 21:17:40', '2012-10-17 22:06:46'),
('e3977c581dbf6899c71399c1af22a534', 1, '2012-09-21 21:33:29', '2012-10-17 22:06:46'),
('e3aa0a14bf6c6ab3495ed28fad9ab082', 1, '2012-10-09 22:50:51', '2012-10-17 22:06:46'),
('e485ac7073901efd1ff77e5ea65f21f4', 1, '2012-09-11 16:26:17', '2012-10-17 22:06:46'),
('e4d7d3584c496d28a31d10cf4e135490', 1, '2012-08-28 22:22:37', '2012-10-17 22:06:46'),
('e6190afb568a11290ae5934564f1bdb1', 1, '2012-09-19 22:09:57', '2012-10-17 22:06:46'),
('e62675fbb050cbbbd87f3a1e0e4474ef', 1, '2012-09-20 14:57:05', '2012-10-17 22:06:46'),
('e66a708ab84440f9ffca8c95355caf18', 1, '2012-10-11 22:52:32', '2012-10-17 22:06:46'),
('e687542d49d0d139aeec535c1d9aebc8', 1, '2012-10-30 19:32:54', '2012-10-30 20:33:24'),
('e6e0d383cefcd1f1c05d11d678a6afd9', 1, '2012-09-11 16:16:54', '2012-10-17 22:06:46'),
('e7044d2f583393bb12c1b66b4582bd64', 1, '2012-09-21 21:27:43', '2012-10-17 22:06:46'),
('e78d3cf9b32f31280ff719d372fe46ff', 4, '2012-11-19 21:23:01', '2012-11-19 22:23:41'),
('e7f0513c76a30bcb867a66a4b2aada4b', 1, '2012-09-21 21:26:33', '2012-10-17 22:06:46'),
('e894138625e16a2d20655b14d45c0083', 1, '2012-07-06 01:47:02', '2012-10-17 22:06:46'),
('e8d50222d14327e889b478cecb4c768c', 1, '2012-09-11 16:18:32', '2012-10-17 22:06:46'),
('e95b0f215c324baf08490e913d4520ed', 1, '2012-11-06 23:12:28', '2012-11-06 23:12:30'),
('e992ef498ac02ce18c85bccbc207c491', 1, '2012-09-10 15:05:36', '2012-10-17 22:06:46'),
('e9feff0619540deb07a577caa3c9a9c0', 1, '2012-09-10 16:04:57', '2012-10-17 22:06:46'),
('ea0a70c0513fe2127e69b87396b7585b', 1, '2012-09-14 21:00:58', '2012-10-17 22:06:46'),
('ea9fc874ed174b650529542190cbb049', 1, '2012-07-24 00:05:18', '2012-10-17 22:06:46'),
('eaa393b12bb72d319e323321cfb6182a', 1, '2012-07-22 21:42:59', '2012-10-17 22:06:46'),
('eb2365230eda9aef56b34dddf1d9e799', 19, '2012-11-12 18:27:28', '2012-11-12 18:27:31'),
('eb3ae09202733a28d2f6aec6af598f8f', 1, '2012-09-08 02:48:52', '2012-10-17 22:06:46'),
('eb713dd6c0673daabb031c61d22b2518', 1, '2012-09-04 21:56:21', '2012-10-17 22:06:46'),
('eba63a7b1c48b032d2811cde53818c61', 1, '2012-07-23 23:21:03', '2012-10-17 22:06:46'),
('ebad5c3b32d1272d0576e49b4bba8696', 1, '2012-07-30 01:45:52', '2012-10-17 22:06:46'),
('ec662aa3b84dd3eda749416641585b78', 1, '2012-10-17 22:10:31', '0000-00-00 00:00:00'),
('ec99fe8caaf472275949e8f7de235e26', 1, '2012-11-29 21:25:51', '2012-11-29 21:47:49'),
('eca55eb3054b937e172fdff531f01f6e', 1, '2012-11-03 01:08:17', '2012-11-03 02:32:22'),
('eda67997b415e887734585abb1c80fc7', 1, '2012-09-13 21:22:15', '2012-10-17 22:06:46'),
('edf6c0c5698a2d39a0237580fd94b8e6', 1, '2012-09-10 15:08:21', '2012-10-17 22:06:46'),
('ee6f116b8f8dae6903fad896ff5abb1b', 1, '2012-09-21 21:32:39', '2012-10-17 22:06:46'),
('ee9247c27b9d7b02c8f584d731fa1c36', 1, '2012-09-21 21:09:04', '2012-10-17 22:06:46'),
('ef2192930784d63cab749fd3b4bd7b07', 1, '2012-09-18 22:16:42', '2012-10-17 22:06:46'),
('efac9348f604dd298a82fb2560568f6a', 1, '2012-09-20 01:07:38', '2012-10-17 22:06:46'),
('f0168327fc592245100556a41bf5ab89', 1, '2012-11-12 18:27:21', '2012-11-12 18:27:24'),
('f077779a5c81ff325f2ce8c7d537e767', 1, '2012-10-22 19:29:16', '2012-10-22 20:52:56'),
('f0973ce07985c5bc4436739cbc3a5327', 4, '2012-11-12 18:38:05', '2012-11-12 19:38:05'),
('f0a0679df51058c957d953aaa0c2c50d', 1, '2012-09-08 03:26:32', '2012-10-17 22:06:46'),
('f0f1d58ec226830f2b510059cdf0d6b4', 1, '2012-10-29 21:50:14', '2012-10-29 23:30:09'),
('f15db2afcf9dc5db3d3f22c015d59e1e', 1, '2012-09-14 21:53:10', '2012-10-17 22:06:46'),
('f18fa90e1975f1be1f83cd110482a71f', 1, '2012-10-12 18:19:27', '2012-10-17 22:06:46'),
('f1fcaa2fc6c3cdf9dfe9301c48207e07', 1, '2012-08-06 22:06:59', '2012-10-17 22:06:46'),
('f252a64ab4cab9989f0afa61250f0bdc', 1, '2012-11-07 16:28:18', '2012-11-07 16:32:28'),
('f262e1e296ccbdfd0b87b55b610b59c8', 1, '2012-09-22 19:01:26', '2012-10-17 22:06:46'),
('f27dd498b037f8ce5e6eecb2d3144ed0', 1, '2012-10-19 01:16:07', '2012-10-19 02:44:44'),
('f2ff1acfc73ec6577e19ed5ce438d8fa', 1, '2012-07-30 01:54:55', '2012-10-17 22:06:46'),
('f318a4f99e3cf962b9c6892c923a13a1', 1, '2012-09-10 15:26:55', '2012-10-17 22:06:46'),
('f3dfa529e70bed118f639854f23484e5', 1, '2012-10-13 01:34:16', '2012-10-17 22:06:46');
INSERT INTO `session_table` (`session_id`, `user_id`, `session_creation_date`, `session_expiration_date`) VALUES
('f3fb201bd6a75a84ace8985b19db1cd7', 1, '2012-09-14 21:32:06', '2012-10-17 22:06:46'),
('f51c623b300301b4e02c93f7e5f4ed2b', 1, '2012-08-29 21:54:45', '2012-10-17 22:06:46'),
('f5dfa9d96f29ba8c614e5a762215355f', 1, '2012-09-14 20:59:10', '2012-10-17 22:06:46'),
('f5f23a72ee630213c0d8a0179fdae145', 4, '2012-11-07 03:21:53', '2012-11-07 03:28:55'),
('f69d28fe75b826147152fd736ae19791', 1, '2012-08-06 22:03:33', '2012-10-17 22:06:46'),
('f6fe2b6b8959955155172168d7b4a0c4', 1, '2012-09-14 21:48:17', '2012-10-17 22:06:46'),
('f70c2476a2779ac58ec25572f88c3d62', 1, '2012-10-26 15:55:03', '2012-10-26 16:57:41'),
('f736d54a722bc8182768f12f5897e8ea', 1, '2012-11-06 17:18:16', '2012-11-06 18:19:01'),
('f81df8f2f16ee8d4987811b75b0b0dc9', 1, '2012-11-24 04:52:16', '2012-11-24 05:58:46'),
('f82f3c804348df2e182deb09e3bf9043', 1, '2012-10-22 17:01:56', '2012-10-22 19:31:52'),
('f8958714ebd9a039876d43ada9c01f4b', 1, '2012-09-11 16:12:21', '2012-10-17 22:06:46'),
('f8c7b87b694f927cfb94952de45be07b', 20, '2012-11-12 18:24:04', '2012-11-12 18:24:07'),
('f940e6cb505bf78a0e08bd1a90ef0103', 1, '2012-09-20 15:23:22', '2012-10-17 22:06:46'),
('f94488e426af7957e95a6b001adcffed', 4, '2012-11-26 19:12:47', '2012-11-26 20:15:04'),
('f961171e5b702b897fc611ea9386fd58', 1, '2012-10-19 01:12:34', '2012-10-19 01:12:34'),
('f970390627915017cdef6cde447b5ab4', 4, '2012-11-16 23:08:14', '2012-11-17 00:08:15'),
('f98d4109b941490c613ba89273c98e08', 1, '2012-10-19 18:32:02', '2012-10-19 18:40:22'),
('fa7731f68b7d275768374bf6e7f883a6', 1, '2012-11-06 01:25:26', '2012-11-06 02:49:28'),
('fa97930130b02018028260d9bac20548', 1, '2012-07-30 14:21:39', '2012-10-17 22:06:46'),
('fb0c92e6292fd29ec8186b446044e08b', 1, '2012-07-30 01:44:17', '2012-10-17 22:06:46'),
('fb3edc6d53cb84259e36abf7b2992394', 1, '2012-11-29 21:13:26', '2012-11-29 21:15:30'),
('fbf61322a6164ec1c86b519a5f391d5a', 1, '2012-10-12 17:44:12', '2012-10-17 22:06:46'),
('fc342b0b2073110869111d301d0f7302', 19, '2012-11-20 19:37:48', '2012-11-20 19:38:52'),
('fc8a41c0049313c36ddc7ee10709a069', 1, '2012-10-25 21:32:39', '2012-10-25 22:08:06'),
('fd4760713dbaec0595798db7202dcae6', 1, '2012-08-02 22:18:30', '2012-10-17 22:06:46'),
('fd5678ba24f5e5646c13fdd9ce71288e', 1, '2012-09-20 01:03:21', '2012-10-17 22:06:46'),
('fe3a75a37c09b264a5c561ba4aff233e', 1, '2012-11-12 18:38:19', '2012-11-12 19:38:19'),
('fe6100eca10b83711f94d0bbd39b68c4', 1, '2012-09-10 20:22:09', '2012-10-17 22:06:46'),
('fe675d79be5fb0edeb7942e8a8cdc541', 1, '2012-10-19 15:27:18', '2012-10-19 15:40:32'),
('fe8be112aed44d01815b6fd01be4f1d4', 1, '2012-11-05 16:57:19', '2012-11-05 17:06:07'),
('fecba3e47bbabbd686832a3d9f318c36', 1, '2012-08-29 21:51:46', '2012-10-17 22:06:46'),
('ffa221ef627293bcb10b63804706865f', 17, '2012-11-06 23:36:19', '2012-11-06 23:36:21');

-- --------------------------------------------------------

--
-- Table structure for table `task_table`
--

CREATE TABLE IF NOT EXISTS `task_table` (
  `task_id` int(11) NOT NULL AUTO_INCREMENT,
  `project_id` int(11) DEFAULT NULL,
  `parent_task_id` int(11) DEFAULT NULL,
  `task_summary` varchar(255) CHARACTER SET utf8 COLLATE utf8_unicode_ci NOT NULL,
  `task_discussion` text CHARACTER SET utf8 COLLATE utf8_unicode_ci,
  `user_id` int(11) DEFAULT NULL COMMENT 'task assignee',
  `timebox_id` int(11) DEFAULT NULL,
  `task_status` enum('open','closed') CHARACTER SET utf8 COLLATE utf8_unicode_ci NOT NULL DEFAULT 'open',
  `task_created_date` timestamp NULL DEFAULT NULL,
  `task_modified_date` timestamp NOT NULL DEFAULT CURRENT_TIMESTAMP ON UPDATE CURRENT_TIMESTAMP,
  PRIMARY KEY (`task_id`)
) ENGINE=InnoDB  DEFAULT CHARSET=utf16 COLLATE=utf16_unicode_ci AUTO_INCREMENT=138 ;

--
-- Dumping data for table `task_table`
--

INSERT INTO `task_table` (`task_id`, `project_id`, `parent_task_id`, `task_summary`, `task_discussion`, `user_id`, `timebox_id`, `task_status`, `task_created_date`, `task_modified_date`) VALUES
(1, 1, NULL, 'Complete Njia database schema', NULL, 1, 1, 'closed', '2012-07-03 05:00:00', '2012-10-16 19:55:14'),
(2, 1, NULL, 'Complete PHP for web pages', NULL, NULL, NULL, 'closed', '2012-07-03 05:00:00', '2012-10-16 19:54:50'),
(3, 1, 2, 'Complete task form for task.php', NULL, NULL, NULL, 'closed', '2012-07-03 05:00:00', '2012-10-16 19:54:45'),
(4, 1, 2, 'Write DB fuctions for task.php', NULL, 1, NULL, 'closed', '2012-10-06 22:31:04', '2012-07-03 05:00:00'),
(5, 3, NULL, 'Clean up yard stuffs', 'Lots of stuff to do in the yard.  Lots of stuff.  Lots.  Of stuff', NULL, NULL, 'closed', '2012-10-13 03:21:40', '2012-10-16 19:56:23'),
(6, 3, 5, 'Chip dead branches', '', 1, 2, 'closed', '2012-10-06 22:30:48', '2012-10-16 15:55:15'),
(7, 3, 5, 'Weed flower bed', NULL, NULL, NULL, 'closed', '2012-10-13 16:33:57', '2012-10-16 19:55:49'),
(8, 3, 5, 'Water lawn', NULL, 3, 3, 'closed', '2012-07-05 22:16:52', '2012-10-16 19:55:53'),
(9, 2, NULL, 'Do admin-y stuff', NULL, 2, NULL, 'closed', '2012-10-13 16:52:06', '2012-10-29 17:19:38'),
(10, 3, 5, 'new subtask', '', NULL, 5, 'closed', '2012-10-13 16:52:15', '2012-11-06 01:38:46'),
(11, 3, 7, 'another new subtask', NULL, 2, 3, 'closed', '2012-10-13 16:52:27', '2012-10-16 19:55:32'),
(12, 3, 11, 'Subtask of #11', 'Adding some discussion to see if the modified date gets updated correctly.', 2, 3, 'closed', '2012-10-13 17:11:33', '2012-10-14 15:00:01'),
(13, 3, 7, 'Buy a new weed-whacker', NULL, NULL, NULL, 'closed', '2012-10-13 17:20:02', '2012-10-16 19:55:35'),
(14, 3, 5, 'Reseal the driveway', NULL, NULL, NULL, 'closed', '2012-10-13 17:35:22', '2012-10-16 19:56:08'),
(15, 3, 14, 'Cut down the big oak', NULL, NULL, NULL, 'closed', '2012-10-13 17:36:22', '2012-10-16 19:56:04'),
(16, 3, 5, 'Rake and mulch the leaves', NULL, NULL, NULL, 'closed', '2012-10-13 17:39:04', '2012-10-16 19:56:12'),
(17, 3, 5, 'Put out the Halloween pumpkin', NULL, NULL, NULL, 'closed', '2012-10-13 17:40:26', '2012-10-16 19:56:15'),
(18, 3, 6, 'Rent wood-chipper', NULL, 1, 2, 'closed', '2012-10-13 17:55:12', '2012-10-16 15:54:55'),
(19, 1, NULL, 'Update the CSS for the login page', '', NULL, 6, 'closed', '2012-10-13 20:03:48', '2012-11-06 01:39:08'),
(20, 3, NULL, 'Remodel the bedroom', NULL, NULL, NULL, 'closed', '2012-10-13 20:05:50', '2012-10-13 20:06:00'),
(21, 8, NULL, 'Implement "Projects" page', '', 1, 8, 'closed', '2012-10-16 14:24:03', '2012-11-25 00:20:19'),
(22, 8, NULL, 'Implement "Schedules" page', NULL, NULL, NULL, 'closed', '2012-10-16 14:24:15', '2012-10-22 12:49:31'),
(23, 8, NULL, 'Add size estimates to tasks and timeboxes', '', 1, 13, 'open', '2012-10-16 14:24:33', '2012-11-30 20:44:46'),
(24, 8, NULL, 'Add owner field to project records', '', 1, 7, 'closed', '2012-10-16 14:25:45', '2012-10-22 12:49:50'),
(25, 8, NULL, 'Add timebox info to tasks list in project form page', NULL, NULL, NULL, 'closed', '2012-10-16 14:26:44', '2012-10-22 12:53:36'),
(26, 8, NULL, 'Replace "users" with "people" throughout', '', 1, 13, 'open', '2012-10-16 14:27:16', '2012-11-30 20:47:44'),
(27, 8, NULL, 'Create forms to add/remove project access', 'Closed; replaced task #41', 1, 8, 'closed', '2012-10-16 14:29:04', '2012-11-07 03:32:26'),
(28, 8, NULL, 'Add list to project form page of people with access permission', '', 1, 7, 'closed', '2012-10-16 14:29:49', '2012-10-22 12:50:06'),
(29, 9, NULL, 'Bug #155 - The default screen should show the targets', '', 4, 10, 'open', '2012-10-16 17:04:48', '2012-11-07 03:29:11'),
(30, 9, NULL, 'Bug #156 - Interface should list what the interfaces are connected to', '', 4, 10, 'open', '2012-10-16 17:05:07', '2012-11-07 03:29:18'),
(31, 9, NULL, 'Bug #157 - The detail view for each target / interface connection should reference each other.', NULL, 4, NULL, 'closed', '2012-10-16 17:05:27', '2012-11-07 03:36:05'),
(32, 1, NULL, 'Styles and CSS', '', 1, NULL, 'closed', '2012-10-16 19:53:27', '2012-11-07 23:36:32'),
(33, 8, NULL, 'CSS and Styling', '', 1, NULL, 'open', '2012-10-16 19:56:43', '2012-11-28 21:23:47'),
(34, 10, NULL, 'Get test approval for 1.0 release', '', 4, 14, 'closed', '2012-10-16 19:57:58', '2012-11-07 03:36:05'),
(35, 8, 33, 'Links on project, task, timebox, and user should only show on hover', 'Also, visited should not look different.', 1, NULL, 'closed', '2012-10-16 22:06:27', '2012-11-07 23:36:32'),
(36, 8, NULL, 'Add logout and session expiration', '', 1, 7, 'closed', '2012-10-17 20:13:41', '2012-10-22 12:50:40'),
(37, 8, NULL, 'Add feedback on form submit', '', 1, 7, 'closed', '2012-10-17 20:14:13', '2012-10-22 12:50:51'),
(38, 9, NULL, 'Bug #157 - The detail view for each target / interface connection should reference each other.', '', 4, 10, 'open', '2012-10-17 20:14:53', '2012-11-07 03:29:24'),
(39, 8, 33, 'Add HTML class for open / closed, scheduled / unscheduled', 'Projects should be classed as either open or closed;  tasks should be classed as either open or closed, and as either scheduled or unscheduled.\r\n\r\nThis will be used for CSS styles that distinguish', 1, 7, 'closed', '2012-10-22 12:51:36', '2012-10-26 18:35:47'),
(40, 8, NULL, 'Projects Page', NULL, 1, NULL, 'open', '2012-10-22 12:54:02', '2012-11-28 21:23:34'),
(41, 8, 40, 'Create forms to add/remove project access', 'This replaces task #27', 1, 8, 'closed', '2012-10-22 12:54:24', '2012-11-06 01:03:11'),
(42, 8, NULL, 'To-do page', '', NULL, NULL, 'open', '2012-10-22 12:57:13', '2012-11-28 21:26:00'),
(43, 8, 42, 'Re-order to-do page by timebox first, then project', '', 1, 13, 'open', '2012-10-22 12:57:52', '2012-11-30 20:47:49'),
(44, 8, NULL, 'When creating a subtask, remove the assignee & timebox from parent', '', 1, 8, 'closed', '2012-10-22 12:58:55', '2012-11-06 15:26:08'),
(45, 8, NULL, 'Projects Page', 'Duplicate', NULL, NULL, 'closed', '2012-10-22 13:02:02', '2012-11-28 21:26:00'),
(46, 8, 40, 'Add search terms to projects page', '', 1, 22, 'open', '2012-10-22 13:02:59', '2012-11-30 20:54:36'),
(47, 9, NULL, 'Get license / access to Cisco switch', '', 4, 10, 'open', '2012-10-22 13:24:06', '2012-11-07 03:29:31'),
(48, 8, NULL, 'New tasks should automatically be assigned to the owner of the project', '', 1, 8, 'closed', '2012-10-22 13:24:56', '2012-11-06 15:25:53'),
(49, 12, NULL, 'Create 1.0 release', 'Update the version of the app to 1.0 and give to Chris.', 4, 12, 'closed', '2012-10-24 18:37:50', '2012-11-07 03:36:05'),
(50, 12, NULL, 'Add graphic for T4', '', 4, 12, 'closed', '2012-10-24 18:59:50', '2012-11-07 03:36:05'),
(51, 13, NULL, 'Some new task', NULL, 1, NULL, 'closed', '2012-10-29 18:14:46', '2012-11-28 21:23:24'),
(52, 8, NULL, 'Normalize CSS', 'Basically, separate the CSS into files, so that there''s not duplication between files, and the CSS included by pages don''t unnecessarily include styles which the page doesn''t use.', 1, 13, 'open', '2012-10-29 22:07:32', '2012-10-30 19:34:20'),
(53, 8, NULL, 'Normalize page layouts', 'Go through the page files to make the layout consistent, for example, in the way lists are organized into divs, the way divs are named, the way classes and IDs are used, etc.', 1, 13, 'open', '2012-10-29 22:07:54', '2012-10-30 19:34:29'),
(54, 8, NULL, 'Sanitize all form and query input', '', 1, 13, 'closed', '2012-10-30 19:33:16', '2012-12-04 20:10:44'),
(55, 8, NULL, 'Work log', '', 1, 8, 'closed', '2012-10-31 20:02:37', '2012-11-30 20:44:30'),
(56, 8, NULL, 'Unit testing', 'See the page /test-cases for details', 0, NULL, 'open', '2012-10-31 22:03:12', '2012-11-30 20:50:07'),
(57, 12, NULL, 'Bug #136 - Mount multiple shares on the Titanium', 'Customer used ST-Wizard to configure his first Mac-Titanium connection.... \r\n\r\ndid some testing then did his IT duties, added usernames, changed volume/share name (they all do this!).... \r\n\r\nand of course subsequent Mac''s can not use the Wizard since "/Volumes/share1" does not exist.........', 4, NULL, 'open', '2012-11-02 14:31:28', '2012-11-07 23:36:32'),
(58, 8, NULL, 'Normalize page implementations', 'Go through all .php files and normalize the way $_GET parameters and $_POST parameters are handled, the way data is written to the database, and way the way data is read from the database.', 1, 13, 'open', '2012-11-05 21:53:14', '2012-11-30 20:47:57'),
(59, 11, NULL, 'Test task', NULL, 1, NULL, 'open', '2012-11-05 22:16:30', '2012-11-28 21:22:43'),
(60, 15, NULL, 'Do something useful', NULL, 1, NULL, 'closed', '2012-11-06 01:01:10', '2012-11-28 21:23:14'),
(61, 11, NULL, 'Do something useful', NULL, NULL, NULL, 'open', '2012-11-06 01:10:05', '2012-11-16 03:20:23'),
(62, 14, NULL, 'Something to do', NULL, 1, NULL, 'closed', '2012-11-06 01:31:21', '2012-11-06 01:31:29'),
(63, 11, 61, 'Do high priority tasks first', NULL, NULL, NULL, 'open', '2012-11-06 01:40:52', '2012-11-16 03:20:27'),
(64, 11, 63, 'This is more important', NULL, 1, NULL, 'open', '2012-11-06 01:43:57', '2012-11-16 03:20:30'),
(65, 8, NULL, 'Create new user form', '', 1, 8, 'closed', '2012-11-07 03:32:38', '2012-11-27 20:59:40'),
(66, 8, NULL, 'Add a "create login" form', '', 1, 8, 'closed', '2012-11-07 16:29:30', '2012-11-07 16:30:01'),
(67, 10, NULL, 'Bug #130 - Check sysctl.conf', 'It would be really great if the streams counter app would check our tuning values.  For example, if we had a sysctl.conf file we liked to use, and we put "#Small Tree" at the top, the tuning app could look for that.  I think this check would more correctly be in the streams counter app.\r\n\r\nThe Wizard is more of a startup wizard.  It has you walk through steps and plug in cables etc. It''s not quite as appropriate.', 4, 17, 'closed', '2012-11-07 16:35:47', '2012-12-04 20:08:33'),
(68, 10, NULL, 'Bug #133 - Streams counter fails when the volume name contains a space.', 'Traced this into dtrace.  Apparently we need to find a way to appropriately quote the file names before passing them to the dtrace scripts.', 4, 14, 'open', '2012-11-07 16:36:25', '2012-11-07 16:52:18'),
(69, 10, NULL, 'Bug #160 - more options to the drop down menu for "Traffic Profile"', 'Suggestion from Eric Hansen, 11/6/12:\r\n\r\nCould you add more options to the drop down menu for "Traffic Profile". now that apps like Premiere Pro work with native H.264 and REDRAW, among others, it might help to add more to the list.', 4, 17, 'closed', '2012-11-07 16:37:01', '2012-12-04 20:08:28'),
(70, 10, NULL, 'Bug #161 - Make test sizes 100MB, 500MB, 1GB and 2GB', 'Suggestion from Eric Hansen, 11/6/12:\r\n\r\nthe Test Size is in Bytes of 100M, 500M, 1000M and 2000M. it might make more sense to change them to 100MB, 500MB, 1GB and 2GB. none of my clients would know what 2000M Bytes is.', NULL, NULL, 'closed', '2012-11-07 16:37:43', '2012-11-21 18:52:46'),
(71, 10, 70, 'Bug 162 - "not sure what the Distribution and Sequence panels are telling me"', 'This should have been an independent task, not a subtask of #70;  created task #72 to replace it.\r\n\r\n----------\r\n\r\nSuggestion from Eric Hansen, 11/6/12:\r\n\r\ni can''t seem to find a manual, so i''m not sure what the Distribution and Sequence panels are telling me. what numbers are good and what numbers are bad? how do i know when i''ve hit too many streams for real-time playback?', 4, NULL, 'closed', '2012-11-07 16:38:23', '2012-11-07 23:36:32'),
(72, 10, NULL, 'Bug #162 - "not sure what the Distribution and Sequence panels are telling me"', 'Suggestion from Eric Hansen, 11/6/12:\r\n\r\ni can''t seem to find a manual, so i''m not sure what the Distribution and Sequence panels are telling me. what numbers are good and what numbers are bad? how do i know when i''ve hit too many streams for real-time playback?', NULL, NULL, 'open', '2012-11-07 16:39:16', '2012-11-07 16:52:37'),
(73, 12, NULL, 'Bug #132 - Offer to let the user select an interface instead of plugging in the server', 'Currently the wizard asks the user to connect the storage server to the workstation, and then automatically detects which interface comes up.\r\n\r\nThe wizard could show the user which interfaces are available on the workstation, and allow the user to specify which interface will be used, instead of detecting it by plugging in.', 4, NULL, 'open', '2012-11-07 16:41:18', '2012-11-07 23:36:32'),
(74, 12, NULL, 'Bug #142 - Add a "Verify" button', 'The Intro pane will have a "Verify" button which the user can select to simply verify a previous installation.  In this case, the System Check pane will list whether things are already correctly configured.  The user can click Continue to re-do the configuration, or simple exit.', 4, NULL, 'open', '2012-11-07 16:42:32', '2012-11-07 23:36:32'),
(75, 12, NULL, 'Bug #144 - Use ping + arp instead of just ping to discover the switch', 'Currently the wizard pings the addresses 192.168.x.220 for x from 0 to 7 to discover the IP address of the server.  The wizard sets its IP address to 192.168.1.1 and its netmask to 255.255.248.0 so all those addresses are in its subnet.  This works, but its not clear why, since the server''s netmask is 255.255.255.0, and only the 192.168.1.220 address will see the wizard''s address as being in its subnet.  This raises the concern that a future version of linux might not behave the same way, and this feature will break.\r\n\r\nA more robust alternative would be to ignore the response or non-response to the ping and check the ARP table after the ping.  The ping will need to do an ARP anyway to get the server''s ethernet address, and if the server responds to the ARP request, its IP address will show up in the ARP table.  Because ARP works at the link layer, the routing information is irrelevant.\r\n\r\nNote that the wizard will need to clear the 192.168.x.220 addresses from the ARP cache before the pings, so that there is no stale information to confuse it.', 4, NULL, 'open', '2012-11-07 16:43:05', '2012-11-07 23:36:32'),
(76, 12, NULL, 'Bug #145 - Replace FSMountServerVolumeSync with DADiskMount', 'The standard call FSMountServerVolumeSync is now deprecated.  The recommended way to mount/unmount a disk is now DADiskMount and DADiskEject, which are part of the Disk Arbitration Framework.\r\n\r\nSpecifically, FSMountServerVolumeSync is deprecated as of MacOS v10.8.', 4, NULL, 'open', '2012-11-07 16:44:22', '2012-11-07 23:36:32'),
(77, 12, NULL, 'Bug #158 - Provide link to Titanium admin web page', 'After the wizard has been run, the user wants to connect to the admin page of the Titanium to configure users, share, etc.\r\n\r\nWe can make this easy by providing a link in the wizard at the very end, after the wizard has been run.\r\n\r\nIt was suggested that we could also put a link on the user''s desktop.\r\n\r\nCons:  1) Everybody wants to put links on the user''s desktop, and this is annoying;  2) once the admin page is up, the user can easily put his own link on his desktop by dragging the URL icon.', 4, NULL, 'open', '2012-11-07 16:45:06', '2012-11-07 23:36:32'),
(78, 12, NULL, 'Bug #159 - Provide link to STC documentation on the company web page', 'Documentation is not currently packaged with the Titanium, but must be downloaded from the STC company web page.  We can simplify this for the user by providing a link to the web page in the wizard.', 4, NULL, 'open', '2012-11-07 16:45:57', '2012-11-07 23:36:32'),
(79, 10, 72, 'User documentation for ST-Streams Counter', '', 4, 14, 'open', '2012-11-07 16:52:37', '2012-11-07 16:56:37'),
(80, 10, 72, 'Get latest version of ST-Streams on the web', '', 4, 14, 'closed', '2012-11-07 16:55:48', '2012-11-08 20:11:47'),
(81, 8, NULL, 'Add "show closed tasks" to the subtask list in the task form page', '', 1, 8, 'closed', '2012-11-08 02:38:36', '2012-11-30 20:44:18'),
(82, 8, 33, 'Normalize object headers and lists', '', 1, 13, 'open', '2012-11-08 03:00:53', '2012-11-30 20:48:03'),
(83, 8, NULL, 'Upload Njia to stc', NULL, NULL, NULL, 'open', '2012-11-08 14:17:33', '2012-11-08 14:18:17'),
(84, 8, 83, 'Copy files up, created database, install software', '', 1, 8, 'closed', '2012-11-08 14:18:17', '2012-11-30 20:40:32'),
(85, 8, 83, 'Set up deployment processs', 'Need an automated way to upload and deploy future changes', 1, 13, 'closed', '2012-11-08 14:18:40', '2012-12-04 20:11:22'),
(86, 8, NULL, 'Add copyright and license comments to all files', '', 1, 13, 'closed', '2012-11-08 23:01:38', '2012-12-04 20:12:45'),
(87, 8, NULL, 'Set up a 404 page', 'Also, redirect all illegal access attempts (e.g. users.php when not admin) to the 404 page.', 1, 22, 'open', '2012-11-09 14:35:41', '2012-11-30 20:51:35'),
(88, 8, NULL, 'Allow admin user access to all projects, tasks, schedules, and users', '', 0, NULL, 'open', '2012-11-10 21:01:11', '2012-12-04 19:58:58'),
(89, 16, NULL, 'Review other camp web sites', 'Websites to review for ideas:\r\nhttp://drupalcampchicago.org/\r\nhttp://2012.badcamp.net/\r\nhttp://2012.drupalcampla.com/\r\nhttp://2012.drupalcorn.org/   (I''m from Iowa, I like the drupal corn kernal icon -- hee, hee)\r\nhttp://boston2012.design4drupal.org/\r\nhttps://www.drupalcampatlanta.com/\r\nhttp://colorado2011.camps.drupal.org/index.html\r\nhttp://portland2013.drupal.org/\r\n', 19, 19, 'open', '2012-11-12 16:37:52', '2012-11-12 16:38:53'),
(90, 8, NULL, 'Implement Users page for admin only', '', 1, 8, 'closed', '2012-11-13 00:05:04', '2012-11-30 20:40:13'),
(91, 17, NULL, 'Slide presentation', '', 19, 20, 'open', '2012-11-13 04:58:35', '2012-11-13 05:00:31'),
(92, 10, NULL, 'Debug performance issue', 'During the read phase of the streams test, the GUI display gets far behind the actual reads.  The activity monitor shows that the network activity ends long before the GUI shows that the reads have finished.\r\n\r\nRunning stctruss by itself shows no slowdown.  Watching the CPU shows that the GUI is only using about 5% of CPU while the reads are slow.  The kernel task may be up to 50% of CPU.\r\n\r\nOnly the read shows the slow-down.  The writes are fine.  However, only the reads use truss.  Theoretically, this should have no effect.\r\n\r\n---\r\n\r\nThe problem goes away when these two lines are commented out of [STC_RunTest updateDisplays]:\r\n\r\n    [app setStatusMessage:testMessage];\r\n    [app setProgress:progress];\r\n', 4, 14, 'open', '2012-11-20 14:34:44', '2012-11-20 21:07:06'),
(93, 12, NULL, 'Bug #165 - Writing sysctl.conf fails when the file doesn''t exist.', '', 4, 15, 'open', '2012-11-20 14:48:59', '2012-11-20 14:53:49'),
(94, 8, NULL, 'Call htmlspecialchars() on all appropriate data from DB before writing to page.', '', 1, 13, 'open', '2012-11-20 15:03:24', '2012-11-20 15:03:46'),
(95, 10, NULL, 'Bug #161 - Make test sizes 100MB, 500MB, 1GB and 2GB', '', 4, 17, 'closed', '2012-11-21 18:45:22', '2012-12-04 20:08:12'),
(96, 12, NULL, 'Bug 166 - Handle the case where another port is on 192.168.x.y', '', 4, 15, 'open', '2012-11-21 19:10:29', '2012-11-21 19:10:35'),
(97, 8, NULL, 'Modify to user either mysql or mysqli', '', 0, NULL, 'closed', '2012-11-27 22:40:17', '2012-11-30 20:53:00'),
(98, 8, 97, 'Put a generic wrapper around mysqli_* functions', '', 1, 8, 'closed', '2012-11-28 22:32:17', '2012-11-30 20:39:56'),
(106, 8, 97, 'Add a setting for mysql/mysqli and change db_* to look at it.', '', 1, 8, 'closed', '2012-11-28 23:04:17', '2012-11-30 20:39:47'),
(107, 18, NULL, 'Something to do', 'Lorem ipsum dolor sit amet, consectetuer adipiscing elit, sed diam nonummy nibh euismod tincidunt ut laoreet dolore magna aliquam erat volutpat. Ut wisi enim ad minim veniam, quis nostrud exerci tation ullamcorper suscipit lobortis nisl ut aliquip ex ea commodo consequat.', 0, NULL, 'open', '2012-11-29 23:37:23', '2012-11-30 00:45:35'),
(108, 18, 107, 'But do this first', NULL, 25, 21, 'open', '2012-11-30 00:45:35', '2012-11-30 00:45:35'),
(109, 18, 107, 'And then to this', '', 25, 21, 'open', '2012-11-30 00:45:54', '2012-11-30 00:46:45'),
(110, 8, NULL, 'Add task doesn''t work', NULL, 1, NULL, 'closed', '2012-11-30 15:42:23', '2012-11-30 20:53:35'),
(111, 8, 56, 'Draw up comprehensive test plan', NULL, 1, 13, 'open', '2012-11-30 20:50:07', '2012-11-30 20:50:07'),
(112, 8, 56, 'Research phpUnit for automated testing', '', 1, 13, 'open', '2012-11-30 20:50:27', '2012-11-30 20:50:31'),
(113, 8, 56, 'Perform  a complete run-through of all unit test', '', 1, 13, 'open', '2012-11-30 20:50:59', '2012-11-30 20:51:09'),
(114, 19, NULL, 'User login and account management', '', 0, NULL, 'open', '2012-12-04 19:46:06', '2012-12-04 20:00:28'),
(115, 19, NULL, 'Usability issues', 'Catch-all task for all user interface and usability issues.', 0, NULL, 'open', '2012-12-04 19:52:44', '2012-12-04 20:05:13'),
(116, 19, NULL, 'Deployment process', 'Plan and implement the process for deploying the application, and deploying updates.', 1, 23, 'open', '2012-12-04 19:54:09', '2012-12-04 20:05:48'),
(117, 19, NULL, 'Install package', 'Create a distributable package for installing Njia on a new system.', 0, NULL, 'open', '2012-12-04 19:55:46', '2012-12-04 20:12:07'),
(118, 19, NULL, 'Systems test', '', 1, 23, 'open', '2012-12-04 19:56:45', '2012-12-04 19:56:53'),
(119, 8, 88, 'The user form page should show projects and work log to admin', NULL, 1, 22, 'open', '2012-12-04 19:58:58', '2012-12-04 19:58:58'),
(120, 19, 114, 'Use email validation for new user accounts', NULL, 1, 23, 'open', '2012-12-04 20:00:28', '2012-12-04 20:00:28'),
(121, 19, 114, 'Add last logged-in date to user table', '', 1, 23, 'open', '2012-12-04 20:01:34', '2012-12-04 20:03:48'),
(122, 19, 114, 'Add column sorting to users page', '', 1, 24, 'open', '2012-12-04 20:02:17', '2012-12-04 20:03:24'),
(123, 19, NULL, 'Public pages', 'Create content for index.php and other public pages', 0, NULL, 'open', '2012-12-04 20:02:42', '2012-12-06 20:59:09'),
(124, 19, NULL, 'Administrative functions', '', 0, NULL, 'open', '2012-12-04 20:04:16', '2012-12-04 20:04:43'),
(125, 19, 124, 'Email notifications for new accounts and projects.', '', 1, 23, 'open', '2012-12-04 20:04:43', '2012-12-06 20:53:41'),
(126, 19, 115, 'Input validation, especially dates', '', 1, 23, 'open', '2012-12-04 20:05:13', '2012-12-04 20:05:15'),
(127, 19, 114, 'Allow admin access to user to-do, log, projects, and schedules through URL', '', 1, 23, 'open', '2012-12-04 20:10:24', '2012-12-04 20:10:31'),
(128, 19, 117, 'Add copyright headers to all files.', NULL, 1, 24, 'open', '2012-12-04 20:12:07', '2012-12-04 20:12:07'),
(129, 19, 117, 'Create installation instructions', '', 1, 24, 'open', '2012-12-04 20:12:18', '2012-12-04 20:12:24'),
(130, 19, 114, 'Add an expiration date to accounts.', '', 1, 23, 'open', '2012-12-06 20:53:00', '2012-12-06 20:53:06'),
(131, 19, 123, 'Quick-start guide', NULL, 0, NULL, 'closed', '2012-12-06 20:59:09', '2012-12-06 20:59:47'),
(132, 19, 131, 'User guide', NULL, 0, NULL, 'closed', '2012-12-06 20:59:17', '2012-12-06 20:59:44'),
(133, 19, 132, 'About page', NULL, 1, 24, 'closed', '2012-12-06 20:59:22', '2012-12-06 20:59:40'),
(134, 19, 123, 'Quick-start guide', NULL, 1, NULL, 'open', '2012-12-06 20:59:58', '2012-12-06 20:59:58'),
(135, 19, 123, 'User manual', NULL, 1, NULL, 'open', '2012-12-06 21:00:03', '2012-12-06 21:00:03'),
(136, 19, 123, 'About page', NULL, 1, NULL, 'open', '2012-12-06 21:00:08', '2012-12-06 21:00:08'),
(137, 19, 123, 'Home page', NULL, 1, NULL, 'open', '2012-12-06 21:00:14', '2012-12-06 21:00:14');

-- --------------------------------------------------------

--
-- Table structure for table `timebox_table`
--

CREATE TABLE IF NOT EXISTS `timebox_table` (
  `timebox_id` int(11) NOT NULL AUTO_INCREMENT,
  `project_id` int(11) NOT NULL,
  `timebox_name` varchar(255) CHARACTER SET utf8 COLLATE utf8_unicode_ci NOT NULL,
  `timebox_discussion` text CHARACTER SET utf8 COLLATE utf8_unicode_ci,
  `timebox_end_date` date NOT NULL,
  PRIMARY KEY (`timebox_id`)
) ENGINE=InnoDB  DEFAULT CHARSET=utf16 COLLATE=utf16_unicode_ci AUTO_INCREMENT=25 ;

--
-- Dumping data for table `timebox_table`
--

INSERT INTO `timebox_table` (`timebox_id`, `project_id`, `timebox_name`, `timebox_discussion`, `timebox_end_date`) VALUES
(1, 1, 'July Tasks', NULL, '2012-07-31'),
(2, 3, 'Summer yard work', NULL, '2012-11-21'),
(3, 3, 'Todo before leaving for CO', NULL, '2012-08-15'),
(5, 3, 'Fall yard work', NULL, '2012-11-30'),
(6, 1, 'October tasks', NULL, '2012-10-30'),
(7, 8, 'Njia 2 October Tasks', NULL, '2012-10-31'),
(8, 8, 'Njia 2 November Tasks', NULL, '2012-11-30'),
(9, 9, 'FCoE Manager October 2012', NULL, '2012-10-31'),
(10, 9, 'FCoE Manager November 2012', NULL, '2012-11-30'),
(11, 10, 'ST-Streams Counter October 2012', NULL, '2012-10-31'),
(12, 12, 'Titanium 4 release', NULL, '2012-10-31'),
(13, 8, 'Njia 2 February tasks', '', '2013-02-28'),
(14, 10, 'ST-Streams November tasks', NULL, '2012-11-30'),
(15, 12, 'ST-Wizard November updates', NULL, '2012-11-30'),
(16, 15, 'Test tasks for November', NULL, '2012-11-30'),
(17, 10, 'ST-Streams December tasks', NULL, '2012-12-31'),
(18, 12, 'ST-Wizard December Updates', NULL, '2012-12-31'),
(19, 16, 'TC Drupal November Tasks', NULL, '2012-11-30'),
(20, 17, 'FIrst draft complete', NULL, '2012-12-31'),
(21, 18, 'December temp tasks', 'Lorem ipsum dolor sit amet, consectetuer adipiscing elit, sed diam nonummy nibh euismod tincidunt ut laoreet dolore magna aliquam erat volutpat. Ut wisi enim ad minim veniam, quis nostrud exerci tation ullamcorper suscipit lobortis nisl ut aliquip ex ea commodo consequat.', '2012-12-31'),
(22, 8, 'Njia 2 March tasks', '', '2013-03-31'),
(23, 19, 'Private deployment on bpreece.com', NULL, '2012-12-31'),
(24, 19, 'Public deployment of Njia-&beta; on njia.com', '', '2013-01-31');

-- --------------------------------------------------------

--
-- Table structure for table `user_table`
--

CREATE TABLE IF NOT EXISTS `user_table` (
  `user_id` int(11) NOT NULL AUTO_INCREMENT,
  `login_name` varchar(255) COLLATE utf8_unicode_ci NOT NULL,
  `password` varchar(32) COLLATE utf8_unicode_ci NOT NULL COMMENT 'MD5(CONCAT(`password_salt`, $password))',
  `password_salt` varchar(32) COLLATE utf8_unicode_ci NOT NULL,
  `user_permissions` tinytext COLLATE utf8_unicode_ci,
  `user_creation_date` timestamp NOT NULL DEFAULT CURRENT_TIMESTAMP,
  `account_closed_date` timestamp NULL DEFAULT NULL COMMENT 'Set NULL for active accounts',
  PRIMARY KEY (`user_id`),
  UNIQUE KEY `login_name` (`login_name`)
) ENGINE=InnoDB  DEFAULT CHARSET=utf8 COLLATE=utf8_unicode_ci AUTO_INCREMENT=26 ;

--
-- Dumping data for table `user_table`
--

INSERT INTO `user_table` (`user_id`, `login_name`, `password`, `password_salt`, `user_permissions`, `user_creation_date`, `account_closed_date`) VALUES
(1, 'root', '33ce598f945d56952ccc3791a34907ff', '202cb962ac59075b964b07152d234b70', 'admin', '2012-07-01 19:38:15', NULL),
(2, 'Kate', 'c8d4f5b7dfb14327d99c5b285c9134ec', 'd93591bdf7860e1e4ee2fca799911215', NULL, '2012-07-05 22:02:59', NULL),
(3, 'Deb', '2f61f31f565f3e0d5e5a0ae22b103217', '81dc9bdb52d04dc20036dbd8313ed055', NULL, '2012-07-05 22:02:59', NULL),
(4, 'ben', 'fefd5fb03b5cabe4de131a37cab42936', '0eee11ea02bcacfaa0574a714fe84994', 'MD5( CONCAT( `password_salt`, ''password'' ))', '2012-07-01 19:38:15', NULL),
(19, 'bhp', '7bcd42447678f1d91747dc76c47af442', 'ea927ab11364b6136ff7cc49558dde9a', NULL, '2012-11-12 16:34:50', NULL),
(25, 'temp-user', '57268948399535bdea0e24dc8c394cc4', '699793afbd1258caee7442d71f523d0f', NULL, '2012-11-29 23:10:16', NULL);

/*!40101 SET CHARACTER_SET_CLIENT=@OLD_CHARACTER_SET_CLIENT */;
/*!40101 SET CHARACTER_SET_RESULTS=@OLD_CHARACTER_SET_RESULTS */;
/*!40101 SET COLLATION_CONNECTION=@OLD_COLLATION_CONNECTION */;
